Index,HIP,Vmag,X,Y,Tipo,Name
1,69673,-0.05,241.81650783968007,1488.7368051864132,Scientific,* alf Boo
2,91262,0.03,1519.297097993971,1286.7947478200724,Scientific,* alf Lyr
3,97649,0.76,1783.7486161319282,868.6366912941164,Scientific,* alf Aql
4,80763,1.06,574.6962648323193,506.4592097374849,Scientific,* alf Sco
5,113368,1.17,2881.2293236491655,402.8781220493948,Scientific,* alf PsA
6,102098,1.25,2053.121016153295,1330.4123968953784,Scientific,* alf Cyg
7,85927,1.62,999.4930853656698,306.46377600265237,Scientific,* lam Sco
8,109268,1.73,2532.810293655725,154.5141653782488,Scientific,* alf Gru
9,62956,1.76,1114.6530292675243,1984.9107979859675,Scientific,* eps UMa
10,90185,1.79,1277.2697234060477,328.5463976708418,Scientific,* eps Sgr
11,15863,1.79,3097.179450477234,1872.470866394176,Scientific,* alf Per
12,54061,1.81,1472.1775527131424,2154.030792530747,Scientific,* alf UMa
13,67301,1.85,916.6037947581348,1848.6333811766272,Scientific,* eta UMa
14,86228,1.86,1060.491267152487,219.33775785911337,Scientific,* tet Sco
15,100751,1.94,1990.8795768898592,24.369728258038347,Scientific,* alf Pav
16,11767,1.97,2032.7108898354952,1902.4813389190972,Scientific,* alf UMi
17,9884,2.01,3574.820552404677,1436.0060553067342,Scientific,* alf Ari
18,3419,2.04,3529.629413706037,655.0792127872229,Scientific,* bet Cet
19,92855,2.05,1441.3277538975867,428.108586214302,Scientific,* sig Sgr
20,112122,2.07,2715.5207749798624,159.27307337000437,Scientific,* bet Gru
21,5447,2.07,3172.543288009561,1456.660608277794,Scientific,* bet And
22,72607,2.07,1594.4180469445298,1863.4161614452992,Scientific,* bet UMi
23,677,2.07,3031.319835170346,1275.10315649923,Scientific,* alf And
24,86032,2.08,1046.9677145390842,1005.6882309390086,Scientific,* alf Oph
25,14576,2.09,3323.588543281353,1777.648237947453,Scientific,* bet Per
26,9640,2.1,3190.2316429741727,1637.2029024649996,Scientific,* gam01 And
27,4427,2.15,2673.4732932079805,1693.60862472951,Scientific,* gam Cas
28,76267,2.22,644.6109823902772,1385.1862973403054,Scientific,* alf CrB
29,65378,2.23,1068.5131198065071,1922.765268575438,Scientific,* zet UMa
30,100453,2.23,1973.9558400116,1266.0265356593052,Scientific,* gam Cyg
31,3179,2.24,2723.5855586070347,1633.8201398949595,Scientific,* alf Cas
32,87833,2.24,1481.5173800213208,1475.656769459572,Scientific,* gam Dra
33,746,2.28,2608.945242297239,1623.9508306848595,Scientific,* bet Cas
34,82396,2.29,733.863936469322,367.57985977632666,Scientific,* eps Sco
35,78401,2.29,392.6384710224464,596.6996292403461,Scientific,* del Sco
36,53910,2.34,1356.649317921764,2195.2743618783697,Scientific,* bet UMa
37,72105,2.35,485.1991652424368,1506.012109192501,Scientific,* eps Boo
38,107315,2.38,2424.3134656905822,892.7296990806498,Scientific,* eps Peg
39,86670,2.39,1061.332711342253,275.6119326053535,Scientific,* kap Sco
40,58001,2.41,1144.5219884684798,2110.5740546124484,Scientific,* gam UMa
41,84012,2.43,804.8283006126309,635.3255374602976,Scientific,* eta Oph
42,113881,2.44,2752.3772280853696,1183.903606711482,Scientific,* bet Peg
43,105199,2.45,2140.323322850201,1556.756527054697,Scientific,* alf Cep
44,102488,2.48,2082.2378895234588,1186.0542279351164,Scientific,* eps Cyg
45,113963,2.49,2842.9837734270036,1018.0092091833906,Scientific,* alf Peg
46,81377,2.54,615.4418220031811,747.0578522121828,Scientific,* zet Oph
47,78820,2.56,419.3026177248923,638.2072689412287,Scientific,* bet01 Sco
48,93506,2.6,1490.7056576140565,378.6547582643067,Scientific,* zet Sgr
49,74785,2.61,159.83263980113182,886.698121023713,Scientific,* bet Lib
50,77070,2.63,424.43762335093487,1087.2409342253322,Scientific,* alf Ser
51,8903,2.64,3575.390920579074,1371.0267137402373,Scientific,* bet Ari
52,6686,2.66,2729.8293365090917,1727.0548767238608,Scientific,* del Cas
53,67927,2.68,165.55644544496892,1543.6586026337927,Scientific,* eta Boo
54,85696,2.7,984.474172443727,304.642156012367,Scientific,* ups Sco
55,97278,2.72,1760.3905371202238,892.152235742525,Scientific,* gam Aql
56,89931,2.72,1244.742960011355,392.02664335954944,Scientific,* del Sgr
57,80331,2.73,1399.7435034918797,1679.4747408015858,Scientific,* eta Dra
58,79593,2.73,510.26219259562686,882.5388984745452,Scientific,* del Oph
59,86742,2.76,1051.4270789857123,889.1118322101478,Scientific,* bet Oph
60,84345,2.78,953.4320159348476,1054.2937894048955,Scientific,* alf Her
61,80816,2.78,803.3624159727298,1213.516078560447,Scientific,* bet Her
62,85670,2.79,1410.770942919689,1509.5310733786112,Scientific,* bet Dra
63,81693,2.81,971.2064238675136,1324.9575140490283,Scientific,* zet Her
64,81266,2.82,619.4583428898715,472.7977721466441,Scientific,* tau Sco
65,90496,2.82,1276.999026748989,449.454922851776,Scientific,* lam Sgr
66,1067,2.83,3194.4577865094634,1100.832803493592,Scientific,* gam Peg
67,18246,2.84,3595.6680371789366,1843.4270732019295,Scientific,* zet Per
68,107556,2.85,2472.474272299756,556.4070992603854,Scientific,* del Cap
69,97165,2.86,1828.5118386907184,1334.3988038577202,Scientific,* del Cyg
70,94141,2.88,1523.2764330690484,493.2962900746915,Scientific,* pi. Sgr
71,63125,2.89,612.2568352873509,1926.339868300329,Scientific,* alf02 CVn
72,78265,2.89,393.3518251180376,538.6805056203791,Scientific,* pi. Sco
73,106278,2.9,2374.167789961554,688.5369846348606,Scientific,* bet Aqr
74,80112,2.9,523.4180630328385,527.0271504362972,Scientific,* sig Sco
75,18532,2.9,3368.8366418526375,1909.2332230752424,Scientific,* eps Per
76,14328,2.91,2993.5935405358414,1848.705733661976,Scientific,* gam Per
77,112158,2.93,2640.779556105621,1192.2204463175026,Scientific,* eta Peg
78,109074,2.95,2569.5947655031337,770.6926821351198,Scientific,* alf Aqr
79,88635,2.98,1156.9146061849845,389.5973812025659,Scientific,* gam02 Sgr
80,93747,2.99,1540.8723177624947,949.8320430270518,Scientific,* zet Aql
81,87073,2.99,1096.7648879952285,258.4009209383094,Scientific,* iot01 Sco
82,75097,3.0,1550.550266064795,1825.5550466769648,Scientific,* gam UMi
83,82514,3.0,769.9194844774077,307.8260464082108,Scientific,* mu.01 Sco
84,108085,3.0,2488.998259219123,279.6955556804075,Scientific,* gam Gru
85,10064,3.0,3358.8862282841937,1575.9166791037292,Scientific,* bet Tri
86,17358,3.01,3154.3522799520283,1906.7457010297371,Scientific,* del Per
87,71075,3.04,692.474703463213,1659.2903483660048,Scientific,* gam Boo
88,100345,3.05,1952.4082545029291,561.5320008378718,Scientific,* bet01 Cap
89,95947,3.05,1714.1449186205134,1119.676323988087,Scientific,* bet01 Cyg
90,94376,3.07,1835.6222648612325,1628.926224093816,Scientific,* del Dra
91,89642,3.1,1248.8376117542805,297.69650698444855,Scientific,* eta Sgr
92,101772,3.11,2050.064272085435,145.33123585667676,Scientific,* alf Ind
93,84379,3.12,1042.8951229200552,1191.2975201584245,Scientific,* del Her
94,84380,3.16,1167.7699012856372,1342.0907933884073,Scientific,* pi. Her
95,92041,3.17,1385.0737230986365,421.877910688448,Scientific,* phi Sgr
96,83895,3.17,1557.7564494037351,1677.2825755821175,Scientific,* zet Dra
97,83000,3.19,828.5718563175595,1008.5026172179654,Scientific,* kap Oph
98,87261,3.19,1091.644839425574,301.9128337501895,Scientific,* G Sco
99,104732,3.21,2214.2189318348073,1142.9156204995315,Scientific,* zet Cyg
100,116727,3.21,2242.771014365697,1787.781992765741,Scientific,* gam Cep
101,89962,3.23,1244.8993811783755,756.9489306554177,Scientific,* eta Ser
102,79882,3.23,527.7212604721009,861.4351954109923,Scientific,* eps Oph
103,106032,3.23,2127.612198080489,1659.663184041461,Scientific,* bet Cep
104,99473,3.24,1895.940207216161,740.993951264994,Scientific,* tet Aql
105,93194,3.25,1581.0408701614217,1195.3009409132994,Scientific,* gam Lyr
106,113136,3.27,2879.5852218002196,592.1888646631443,Scientific,* del Aqr
107,3092,3.27,3135.308729891294,1345.59238673908,Scientific,* del And
108,84970,3.27,882.7161372203659,489.9567978744734,Scientific,* tet Oph
109,75458,3.29,1250.3984288913773,1733.378573436995,Scientific,* iot Dra
110,93864,3.32,1512.8523693290756,406.7254316698873,Scientific,* tau Sgr
111,14354,3.32,3374.092716409045,1753.052255999502,Scientific,* rho Per
112,84143,3.32,926.0698306472613,221.37596370399905,Scientific,* eta Sco
113,59774,3.32,1193.6365578324549,2059.7999157488093,Scientific,* del UMa
114,88048,3.32,1100.5999441207132,679.7488899851245,Scientific,* nu. Oph
115,8886,3.35,2684.321621261537,1790.3277661330303,Scientific,* eps Cas
116,41704,3.35,2018.384587508302,2277.329377223457,Scientific,* omi UMa
117,95501,3.36,1631.073730435036,802.0656130709139,Scientific,* del Aql
118,109492,3.39,2312.405864590303,1520.3649535672791,Scientific,* zet Cep
119,102422,3.41,2051.461736833307,1542.5058125944904,Scientific,* eta Cep
120,112029,3.41,2739.3254107733555,940.0686467948326,Scientific,*  42 Peg
121,86974,3.42,1213.402306254605,1191.2012859850283,Scientific,* mu.01 Her
122,8796,3.42,3417.9297565103725,1476.655201243216,Scientific,* alf Tri
123,93805,3.43,1507.1671487672031,705.8476925447792,Scientific,* lam Aql
124,3821,3.46,2717.0769061177157,1657.207635647244,Scientific,* eta Cas
125,74666,3.46,695.1476187007835,1505.5599111396864,Scientific,* del Boo
126,5364,3.46,3661.3280970436094,813.8971273723407,Scientific,* eta Cet
127,81833,3.48,1074.5848096845498,1411.3938698708291,Scientific,* eta Her
128,112623,3.49,2712.137128936245,98.58891053689992,Scientific,* eps Gru
129,8102,3.49,3881.588579872539,771.4039662816733,Scientific,* tau Cet
130,73555,3.49,800.8215612122417,1610.821258708679,Scientific,* bet Boo
131,90422,3.49,1349.2330611709983,169.3731894892588,Scientific,* alf Tel
132,112724,3.5,2332.8251401488333,1637.741712156158,Scientific,* iot Cep
133,98337,3.51,1840.3964718625716,1003.162174125786,Scientific,* gam Sge
134,112748,3.51,2710.9724064628954,1126.3570384398477,Scientific,* mu. Peg
135,109427,3.52,2580.304826231838,858.1568995367435,Scientific,* tet Peg
136,93085,3.52,1450.8500594578086,496.0521665272952,Scientific,* ksi02 Sgr
137,92420,3.52,1543.9481839987611,1209.2421783625246,Scientific,* bet Lyr
138,86263,3.54,967.4925794588823,617.4429306234833,Scientific,* ksi Ser
139,77516,3.54,374.21888996418386,926.5425661665248,Scientific,* mu. Ser
140,89937,3.55,1785.3245186315175,1709.3069801948811,Scientific,* chi Dra
141,82545,3.56,772.3017331122016,308.10940951879826,Scientific,* mu.02 Sco
142,1562,3.56,3372.784468634792,768.172156013588,Scientific,* iot Cet
143,71053,3.57,516.8172116792721,1578.3116660545468,Scientific,* rho Boo
144,100064,3.58,1934.5120957399704,590.3060619563997,Scientific,* alf02 Cap
145,7607,3.59,3001.942786250597,1645.6418209415358,Scientific,* ups Per
146,6537,3.6,3740.6229506871623,871.2957184607003,Scientific,* tet Cet
147,13209,3.61,3622.34355650385,1597.3974040204623,Scientific,*  41 Ari
148,82729,3.62,822.636607260891,239.28651837638697,Scientific,* zet02 Sco
149,113726,3.62,2623.2240827240616,1360.9691069430562,Scientific,* omi And
150,7097,3.62,3561.3633080209106,1244.2478950373788,Scientific,* eta Psc
151,101769,3.64,2047.8033325842812,937.486295298534,Scientific,* bet Del
152,46733,3.65,1789.3255702453264,2230.005392330186,Scientific,* h UMa
153,110960,3.65,2703.4615309227875,787.9892294718799,Scientific,* zet Aqr
154,88714,3.65,1274.044665670095,114.25533253197835,Scientific,* tet Ara
155,77233,3.65,532.6930192300703,1212.4103455027266,Scientific,* bet Ser
156,75695,3.66,659.4861539586951,1429.234961599434,Scientific,* bet CrB
157,103227,3.67,2125.6925121089016,2.4790324722070363,Scientific,* bet Ind
158,68756,3.67,1324.0295788862848,1881.7751380773427,Scientific,* alf Dra
159,114341,3.68,2966.8196764640147,527.1496770600047,Scientific,* c02 Aqr
160,97365,3.68,1778.4907338458518,993.5082993488128,Scientific,* del Sge
161,106985,3.69,2430.540630293959,547.3271308888383,Scientific,* gam Cap
162,57399,3.69,1000.3070359453792,2142.4335502927097,Scientific,* chi UMa
163,2920,3.69,2763.6799975440044,1602.6100076547327,Scientific,* zet Cas
164,87933,3.7,1277.6011077651538,1199.0984769120528,Scientific,* ksi Her
165,114971,3.7,2970.2457712940563,871.0812563300892,Scientific,* gam Psc
166,98036,3.71,1807.0827346965164,836.0673568125629,Scientific,* bet Aql
167,77622,3.71,439.8226279817587,1045.7476753229023,Scientific,* eps Ser
168,88771,3.71,1206.3508281899417,933.8167997234118,Scientific,*  72 Oph
169,28358,3.72,2724.200765637416,2206.782493144799,Scientific,* del Aur
170,104060,3.72,2149.364813670866,1316.1852905620456,Scientific,* ksi Cyg
171,87585,3.73,1534.1443391644227,1542.0457731918673,Scientific,* ksi Dra
172,72220,3.73,90.70942049800628,1144.641058941745,Scientific,* 109 Vir
173,112961,3.73,2859.207715444372,703.14271682958,Scientific,* lam Aqr
174,80170,3.74,739.4684878577148,1196.5152854099435,Scientific,* gam Her
175,8645,3.74,3904.878083686812,883.6119123730829,Scientific,* zet Cet
176,104887,3.74,2204.75599249653,1243.3562289483534,Scientific,* tau Cyg
177,87108,3.75,1068.6413868303875,859.6204391662009,Scientific,* gam Oph
178,93683,3.76,1493.1306281544855,485.409254198353,Scientific,* omi Sgr
179,95853,3.76,1795.745022215977,1423.0063547100017,Scientific,* iot Cyg
180,111169,3.76,2441.0610248672056,1434.638345479657,Scientific,* alf Lac
181,17529,3.77,3298.559733891245,1887.331955265888,Scientific,* nu. Per
182,109176,3.77,2495.116026011909,1103.818321362809,Scientific,* iot Peg
183,105881,3.77,2348.3862288157916,469.469309370727,Scientific,* zet Cap
184,13268,3.77,2923.9210802881507,1833.789233688733,Scientific,* eta Per
185,101958,3.77,2058.8618168105004,954.44163003832,Scientific,* alf Del
186,71795,3.78,232.6712764379156,1340.8656527497385,Scientific,* zet Boo
187,102618,3.78,2112.948012084854,629.7179867401773,Scientific,* eps Aqr
188,48319,3.78,1667.861164512113,2262.1609226255728,Scientific,* ups UMa
189,14668,3.79,3223.835536840351,1808.7951530058572,Scientific,* kap Per
190,99675,3.8,1944.1970366236417,1349.6710831904877,Scientific,*  31 Cyg
191,76276,3.8,421.9294123589263,1166.715613220476,Scientific,* del Ser
192,94779,3.8,1760.7265023592126,1448.3749222688923,Scientific,* kap Cyg
193,116584,3.81,2705.965109703282,1447.127979488481,Scientific,* lam And
194,76952,3.81,668.1917275651434,1363.182463541241,Scientific,* gam CrB
195,56211,3.82,1582.3537149267254,2067.9719994713137,Scientific,* lam Dra
196,9487,3.82,3856.3677144336634,1126.3193785898438,Scientific,* alf Psc
197,80883,3.82,634.8808217279608,942.1343773820728,Scientific,* lam Oph
198,86414,3.82,1363.2518263161503,1425.956554586652,Scientific,* iot Her
199,89341,3.84,1186.3795045626428,515.5165766459356,Scientific,* mu. Sgr
200,97433,3.84,1924.908539697872,1653.322301432704,Scientific,* eps Dra
201,88794,3.84,1319.158120094079,1183.5773435038277,Scientific,* omi Her
202,17448,3.84,3580.0912873121297,1814.5021771822228,Scientific,* omi Per
203,78072,3.85,582.4388852056393,1195.498418621455,Scientific,* gam Ser
204,91117,3.85,1318.2582460301328,676.9323547984587,Scientific,* alf Sct
205,61281,3.85,1511.4830930527332,1999.7911296101308,Scientific,* kap Dra
206,90139,3.85,1353.6726133034515,1079.6754476425235,Scientific,* 109 Her
207,110395,3.86,2664.6330077134503,765.4882565519015,Scientific,* gam Aqr
208,4436,3.86,3082.841391758083,1466.356736807887,Scientific,* mu. And
209,87808,3.86,1338.0268291834666,1301.6394887982724,Scientific,* tet Her
210,97804,3.87,1786.1134326483098,767.2994934977547,Scientific,* eta Aql
211,78104,3.87,395.2851455152789,486.8843011616012,Scientific,* rho Sco
212,8832,3.88,3595.4319728493615,1348.306864270832,Scientific,* gam Ari
213,114421,3.88,2874.4793476795244,186.20972811602903,Scientific,* iot Gru
214,98110,3.89,1852.677904473819,1203.2789869958954,Scientific,* eta Cyg
215,76333,3.91,246.9154823957883,762.3948267755051,Scientific,* gam Lib
216,79992,3.91,1114.664964759367,1530.343108900094,Scientific,* tau Her
217,95168,3.92,1593.944642769556,531.3963776573618,Scientific,* rho01 Sgr
218,104987,3.92,2270.651547097636,823.4549491964165,Scientific,* alf Equ
219,83207,3.92,1040.8644191645312,1288.6854809944875,Scientific,* eps Her
220,88192,3.93,1142.025532058985,851.1385037722051,Scientific,*  67 Oph
221,78933,3.93,428.1168882111364,622.3496945485242,Scientific,* ome Sco
222,13531,3.93,3007.6427739535725,1823.5505833443688,Scientific,* tau Per
223,103413,3.94,2122.3813156510723,1279.509782903629,Scientific,* nu. Cyg
224,9598,3.95,2472.648585871451,1848.6413693169443,Scientific,*  50 Cas
225,99848,3.96,1952.349657198324,1361.9427181911665,Scientific,* omi02 Cyg
226,115438,3.96,3048.68560860298,551.0146555556338,Scientific,* b01 Aqr
227,19343,3.96,3144.5414082521565,1970.235368785784,Scientific,* c Per
228,95241,3.96,1642.2515173283389,183.9781290072151,Scientific,* bet01 Sgr
229,95347,3.96,1637.8769813432475,234.0421158009853,Scientific,* alf Sgr
230,110997,3.97,2663.6146388422508,203.74759844915872,Scientific,* del01 Gru
231,112440,3.97,2700.374416451413,1109.9722210297114,Scientific,* lam Peg
232,106481,3.98,2259.7306563867537,1345.66675898865,Scientific,* rho Cyg
233,18614,3.98,3487.4559226794813,1887.4095754837815,Scientific,* ksi Per
234,65477,3.99,1069.9002457064155,1920.3215097248892,Scientific,* g UMa
235,79374,4.0,457.9005174803396,636.4796735163078,Scientific,* nu. Sco
236,78527,4.01,1301.2584585585414,1678.944552813882,Scientific,* tet Dra
237,101076,4.01,2003.8505843974488,1139.2403927301905,Scientific,*  41 Cyg
238,8068,4.01,2968.8077115721644,1674.3977027072171,Scientific,* phi Per
239,93429,4.02,1479.0057481989545,696.6409838010852,Scientific,* i Aql
240,93244,4.02,1513.1129135332094,968.5130623823022,Scientific,* eps Aql
241,118268,4.03,3184.9017893924583,967.8103737478788,Scientific,* ome Psc
242,10670,4.03,3401.968546369041,1582.4500166424032,Scientific,* gam Tri
243,101421,4.03,2024.277220026563,895.2333359036119,Scientific,* eps Del
244,88601,4.03,1167.969219638146,841.276491013346,Scientific,*  70 Oph
245,23522,4.03,2712.9716690579166,2078.7405794598503,Scientific,* bet Cam
246,111497,4.04,2741.6528203015428,791.0369577842622,Scientific,* eta Aqr
247,70497,4.04,1008.1939345838806,1784.0899821965863,Scientific,* tet Boo
248,14632,4.05,3098.631446186919,1837.0022564171695,Scientific,* iot Per
249,112716,4.05,2848.2410176718327,619.4650931245101,Scientific,* tau Aqr
250,110991,4.07,2363.1426213976406,1532.9391260554644,Scientific,* del Cep
251,92862,4.08,1627.1301157925247,1340.1799484162746,Scientific,*  13 Lyr
252,104139,4.08,2224.244640427924,532.5891879049769,Scientific,* tet Cap
253,3693,4.08,3254.8858154617037,1276.354795885073,Scientific,* zet And
254,105502,4.08,2282.2580365517274,1012.0963398584756,Scientific,*   1 Peg
255,77450,4.09,578.1734172456693,1244.4841057889666,Scientific,* kap Ser
256,94160,4.1,1556.2862279957674,252.43712442122077,Scientific,* bet CrA
257,90568,4.1,1379.6693009743478,126.84064488895086,Scientific,* zet Tel
258,12777,4.1,3090.024573635671,1780.5809158526342,Scientific,* tet Per
259,7513,4.1,3146.386550769141,1572.3843657134073,Scientific,* ups And
260,94114,4.11,1548.9805108633009,271.43188412075614,Scientific,* alf CrA
261,98032,4.12,1815.7477517853652,215.442357978806,Scientific,* iot Sgr
262,111043,4.12,2664.9552441721685,200.3771882890812,Scientific,* del02 Gru
263,19812,4.12,3119.273944084501,1987.5370849308017,Scientific,* mu. Per
264,102978,4.12,2137.8074142776004,406.7894239850507,Scientific,* ome Cap
265,116771,4.13,3086.37545345944,927.1203870391154,Scientific,* iot Psc
266,102485,4.13,2103.859338259718,427.553711308833,Scientific,* psi Cap
267,77853,4.13,351.0865858940522,703.7094710848461,Scientific,* tet Lib
268,107354,4.14,2382.532322558367,1095.7376012045909,Scientific,* kap Peg
269,78159,4.14,734.0805841722167,1341.1423146399195,Scientific,* eps CrB
270,109937,4.14,2471.9788553436574,1267.575234096373,Scientific,*   1 Lac
271,76127,4.14,715.0784901502741,1445.4208057354,Scientific,* tet CrB
272,116805,4.15,2741.911413288193,1425.103870856356,Scientific,* kap And
273,85112,4.15,1205.5014568366498,1335.6486242331634,Scientific,* rho Her
274,85340,4.16,906.9637909059528,499.19803580444466,Scientific,* b Oph
275,2599,4.17,2588.496161228158,1686.9770203224991,Scientific,* kap Cas
276,110003,4.17,2646.6049909001517,678.3912310523566,Scientific,* tet Aqr
277,81304,4.18,661.2393440108397,359.32416269043335,Scientific,* H Sco
278,111954,4.18,2786.441569769255,431.2976983696987,Scientific,* eps PsA
279,69732,4.18,854.8687581576359,1762.3913183358825,Scientific,* lam Boo
280,109857,4.18,2333.7759494719194,1508.2253431786964,Scientific,* eps Cep
281,92043,4.19,1459.9220406212632,1047.7867356775184,Scientific,* 110 Her
282,81126,4.2,1096.0030068162334,1465.4088549208366,Scientific,* sig Her
283,112447,4.2,2761.985621639308,961.9241508204208,Scientific,* ksi Peg
284,113246,4.2,2862.300153403618,361.5137902472828,Scientific,* del PsA
285,16228,4.21,2821.7519027247827,1917.9794317707367,Scientific,HD  21291
286,82080,4.21,1840.0035456284163,1842.2232317222176,Scientific,* eps UMi
287,101093,4.21,2008.0987922003824,1556.8321167600736,Scientific,* tet Cep
288,13254,4.22,3367.2989602739435,1710.2521615203457,Scientific,*  16 Per
289,105102,4.22,2212.6429480417296,1261.3098916247468,Scientific,* sig Cyg
290,114724,4.22,2984.344739153781,740.9931915771165,Scientific,* phi Aqr
291,89908,4.22,1768.2538314229937,1693.2944280848203,Scientific,* phi Dra
292,92175,4.22,1394.1236191314724,716.7162625828549,Scientific,* bet Sct
293,102453,4.22,2082.17304742877,1144.4047433581086,Scientific,*  52 Cyg
294,80569,4.22,546.5881978627946,636.2617921945107,Scientific,* chi Oph
295,92791,4.22,1582.8984903928892,1251.4865247717576,Scientific,* del02 Lyr
296,107259,4.23,2228.5798011564275,1515.8642048726135,Scientific,* mu. Cep
297,79101,4.23,1060.0710654227587,1532.4873923695654,Scientific,* phi Her
298,93825,4.23,1529.1992542784644,283.00728931194976,Scientific,* gam CrA
299,107533,4.23,2290.7397052207875,1397.8848009461865,Scientific,* pi.02 Cyg
300,114855,4.24,2999.8662622948787,700.3264259293534,Scientific,* psi01 Aqr
301,61317,4.24,718.8787369456738,2006.9708060530504,Scientific,* bet CVn
302,5372,4.24,2106.155717564909,1884.5482127639332,Scientific,*   2 UMi
303,80911,4.24,628.8017168911601,370.89189248353154,Scientific,* N Sco
304,86565,4.24,991.9929949411522,650.0860407470146,Scientific,* omi Ser
305,19167,4.25,3071.2796011036453,1971.8362045507008,Scientific,* lam Per
306,21476,4.25,3299.910929808044,2029.8037657943612,Scientific,*  58 Per
307,70692,4.25,1629.7006875722209,1887.2998946210075,Scientific,*   5 UMi
308,107418,4.25,2220.486428071286,1545.9127486976454,Scientific,* nu. Cep
309,8198,4.26,3702.867352686536,1186.3576246854102,Scientific,* omi Psc
310,5434,4.26,2965.027050613037,1582.8977838838157,Scientific,* phi And
311,86170,4.26,1025.4452156429024,283.12873697014277,Scientific,* Q Sco
312,108917,4.26,2243.7447164336936,1596.4297812572051,Scientific,* ksi Cep
313,22783,4.26,2574.940613923381,2042.1063146058673,Scientific,* alf Cam
314,88267,4.26,1241.165325384016,1096.9870942587895,Scientific,*  95 Her
315,102532,4.27,2096.9953536180096,957.6837349992106,Scientific,* gam02 Del
316,95294,4.27,1646.511721085333,179.48360598068393,Scientific,* bet02 Sgr
317,115830,4.27,3016.290963231997,924.080265186128,Scientific,* tet Psc
318,12828,4.27,3943.377523691125,1355.1772289327548,Scientific,* mu. Cet
319,4906,4.27,3510.382469460589,1081.3269015895216,Scientific,* eps Psc
320,109410,4.28,2471.411637228537,1205.751561970056,Scientific,* pi. Peg
321,105515,4.28,2322.752733416452,540.6326111106446,Scientific,* iot Cap
322,99655,4.28,1955.689939042683,1475.3759646843264,Scientific,*  33 Cyg
323,47193,4.28,1943.5500761007988,2008.4206466837609,Scientific,HD  81817
324,114131,4.28,2868.367978207016,210.12720368462905,Scientific,* tet Gru
325,85423,4.28,928.774586783756,415.2976172019248,Scientific,* d Oph
326,77055,4.29,1709.7080765529945,1842.126330837079,Scientific,* zet UMi
327,109139,4.29,2588.968888684771,593.1856982689804,Scientific,* iot Aqr
328,116631,4.29,2746.8544602977145,1409.7615991592763,Scientific,* iot And
329,111188,4.29,2720.105165474165,355.7571924760954,Scientific,* bet PsA
330,80894,4.29,571.2211172887968,660.8428317801533,Scientific,* phi Oph
331,11484,4.3,3902.0298591957862,1282.1329384903108,Scientific,* ksi02 Cet
332,4577,4.3,3592.607645312655,481.6796534239729,Scientific,* alf Scl
333,100027,4.3,1932.0579416893656,590.7973508901791,Scientific,* alf01 Cap
334,78990,4.31,431.8684387269357,618.3831008895047,Scientific,* ome02 Sco
335,75411,4.31,797.7118027061326,1531.5790264072175,Scientific,* mu.01 Boo
336,101847,4.31,2055.5978456649304,736.5633978997512,Scientific,* l Aql
337,84880,4.32,869.3346445312724,667.7892079408363,Scientific,* nu. Ser
338,16826,4.32,3143.7268291440837,1892.987845477141,Scientific,* psi Per
339,84405,4.33,847.2037126399026,470.5223834084029,Scientific,*  36 Oph
340,89826,4.33,1427.6231253778728,1265.522526417268,Scientific,* kap Lyr
341,107348,4.34,2407.389510424189,989.183267332452,Scientific,*   9 Peg
342,2912,4.34,3086.360518207345,1376.4509691394687,Scientific,* pi. And
343,111022,4.34,2455.9264641574828,1401.567991929522,Scientific,*   5 Lac
344,3031,4.34,3153.1096445153657,1325.0833382857795,Scientific,* eps And
345,92161,4.34,1457.1210683071467,1016.346415043908,Scientific,* 111 Her
346,85355,4.34,954.524886339216,900.994035225492,Scientific,* sig Oph
347,91971,4.34,1544.9395018422863,1266.5584802391568,Scientific,* zet01 Lyr
348,5542,4.34,2813.1416597759153,1662.2881886362302,Scientific,* tet Cas
349,14838,4.35,3840.678422181103,1573.7990721180402,Scientific,* del Ari
350,33449,4.35,2426.3108253250307,2254.4950360310336,Scientific,*  15 Lyn
351,107380,4.35,2446.3748599432865,335.0318387094306,Scientific,* iot PsA
352,85822,4.35,1949.361318038768,1870.980190824253,Scientific,* del UMi
353,94713,4.35,1684.0159026719082,1255.6524788841043,Scientific,* tet Lyr
354,16335,4.36,3148.848722444342,1877.9293665601124,Scientific,* sig Per
355,10324,4.36,3831.4418609954982,1248.0057431764158,Scientific,* ksi01 Cet
356,96468,4.36,1691.5104330317556,741.6445970910672,Scientific,* iot Aql
357,98412,4.37,1833.0469297716056,299.97322824627184,Scientific,* tet01 Sgr
358,88886,4.37,1272.709849478846,1080.093170845815,Scientific,* 102 Her
359,154,4.37,3262.5201419233895,788.8913797188501,Scientific,*  30 Psc
360,116231,4.38,3050.5873365841044,299.6208925756387,Scientific,* bet Scl
361,99255,4.38,1982.942859111335,1745.839759380056,Scientific,* kap Cep
362,115669,4.38,3066.6985825069473,545.4021390106992,Scientific,* b02 Aqr
363,84893,4.39,870.2026750989215,547.6573638256356,Scientific,* ksi Oph
364,105319,4.39,2257.802433218798,67.06135546466871,Scientific,* tet Ind
365,17884,4.39,2660.3504254549184,1956.6302365258257,Scientific,V* BE Cam
366,73620,4.39,174.17978313805963,1108.1091685253546,Scientific,* 110 Vir
367,96837,4.39,1742.6896870788073,981.7336045432,Scientific,* bet Sge
368,82673,4.39,815.0251185072692,1024.4332777939924,Scientific,* iot Oph
369,96757,4.39,1738.598661269301,988.9284239935796,Scientific,* alf Sge
370,4463,4.4,3307.5326936362826,1283.289273151566,Scientific,* eta And
371,108431,4.4,2436.461409917881,47.514233307308814,Scientific,* del Ind
372,85693,4.41,1127.0726085190358,1188.2235635822651,Scientific,* lam Her
373,115102,4.41,2995.7105706802063,370.8673829411309,Scientific,* gam Scl
374,114222,4.41,2243.076790597138,1750.5539704259318,Scientific,* pi. Cep
375,115033,4.41,3011.9580819632138,700.6729480960475,Scientific,* psi02 Aqr
376,105138,4.41,2226.753257307142,1204.0047075903246,Scientific,* ups Cyg
377,87998,4.41,1288.3143511812175,1210.3675854384603,Scientific,* nu. Her
378,88290,4.42,1142.7506577370275,828.3054825100402,Scientific,*  68 Oph
379,115623,4.42,2890.9617732595534,1146.7109408734957,Scientific,* ups Peg
380,77257,4.42,444.4239026124442,1096.7083172318787,Scientific,* lam Ser
381,110538,4.42,2399.0668281304033,1453.6766166403618,Scientific,* bet Lac
382,100587,4.43,1977.759414087902,1162.702920827137,Scientific,*  39 Cyg
383,23040,4.43,2905.0653366788347,2086.147891941272,Scientific,*   7 Cam
384,94481,4.43,1677.2632848175392,1269.7482164398295,Scientific,* eta Lyr
385,98688,4.43,1844.695452654924,396.9671860954989,Scientific,* c Sgr
386,102624,4.43,2112.315315835536,686.9485844642777,Scientific,* k Aqr
387,102281,4.43,2080.068644870115,943.9704303619684,Scientific,* del Del
388,3786,4.44,3440.441477518678,1051.7755611995954,Scientific,* del Psc
389,95771,4.44,1694.789549850444,1078.2302600727069,Scientific,* alf Vul
390,1170,4.44,3357.8238824312593,610.2282438713397,Scientific,*   7 Cet
391,30060,4.44,2551.7736437215717,2203.2123617647094,Scientific,*   2 Lyn
392,94648,4.45,1881.3847131247608,1698.6566176257354,Scientific,* tau Dra
393,96229,4.45,1686.8937887686393,854.1247460826628,Scientific,* mu. Aql
394,7884,4.45,3726.037015515596,1122.444341165647,Scientific,* nu. Psc
395,80975,4.45,579.2836626650752,583.4219539784856,Scientific,* ome Oph
396,11569,4.46,2613.4867440901435,1854.3591668361703,Scientific,* iot Cas
397,112948,4.46,2841.1973769602328,355.5817917815949,Scientific,* gam PsA
398,104858,4.47,2257.1111589450993,884.2211150615717,Scientific,* del Equ
399,109111,4.47,2551.730515553885,252.97355815952776,Scientific,* lam Gru
400,73165,4.47,84.82472095360025,1013.7077490923916,Scientific,*  16 Lib
401,71284,4.47,510.788605052331,1563.8087633465366,Scientific,* sig Boo
402,15549,4.47,3638.8610474238553,1708.155055217769,Scientific,HD  20644
403,114119,4.48,2947.243864381164,489.50780098099784,Scientific,* c01 Aqr
404,113889,4.48,2892.894841761543,865.9711072499028,Scientific,* bet Psc
405,3504,4.48,2882.109977168532,1554.8477289150342,Scientific,* omi Cas
406,80343,4.48,530.0383282145089,614.1475115261928,Scientific,* psi Oph
407,71762,4.49,275.6599634368839,1380.0132143285755,Scientific,* pi.01 Boo
408,116971,4.49,3166.563013005819,646.0637247762678,Scientific,* ome02 Aqr
409,107310,4.49,2369.2963303937054,1135.1628240244634,Scientific,* mu. Cyg
410,9480,4.49,2510.4133376645277,1840.065734441088,Scientific,*  48 Cas
411,116928,4.49,3117.2953697603,876.5225746821178,Scientific,* lam Psc
412,96441,4.49,1813.452700137003,1401.6837609223005,Scientific,* tet Cyg
413,104234,4.49,2229.979276551482,432.8266227500167,Scientific,*  24 Cap
414,104459,4.5,2245.4499525264587,608.5090120121961,Scientific,* nu. Aqr
415,109285,4.5,2583.350453283787,340.6385401465034,Scientific,* mu. PsA
416,106039,4.5,2360.9986764984583,477.7193747085107,Scientific,* b Cap
417,99874,4.5,1936.1499322365084,1107.2486123658937,Scientific,*  23 Vul
418,111944,4.5,2524.4519944404483,1366.9973684949025,Scientific,*  11 Lac
419,109754,4.5,2451.162075944698,1291.0972069111242,Scientific,HD 211073
420,76852,4.51,567.4917469797683,1279.6947685551263,Scientific,* iot Ser
421,98702,4.51,1948.4702295614595,1620.8832682444684,Scientific,* rho Dra
422,1473,4.51,2975.2524094530168,1384.5296925714736,Scientific,* sig And
423,102333,4.51,2081.5219696142017,86.13615161664103,Scientific,* eta Ind
424,5586,4.51,3268.4125599952813,1394.7136682005655,Scientific,* tau Psc
425,106723,4.51,2412.083748529754,510.0607441820969,Scientific,* eps Cap
426,117863,4.51,2601.0279444230273,1590.932721420842,Scientific,* rho Cas
427,95176,4.52,1594.0747505330603,556.0105517303693,Scientific,* ups Sgr
428,106140,4.52,2314.23949926371,1063.9355367236465,Scientific,*   2 Peg
429,89112,4.52,1265.2275366562908,171.50228289816377,Scientific,* eps Tel
430,73745,4.52,543.3758420857068,1456.1582690110044,Scientific,* psi Boo
431,13061,4.52,3573.5086258380907,1613.49290726625,Scientific,*  39 Ari
432,102431,4.52,2056.393463594635,1488.0366567566114,Scientific,* ups Cep
433,111104,4.52,2495.0125189111,1345.1522549348697,Scientific,*   6 Lac
434,3881,4.53,3018.602266446094,1483.8976573901334,Scientific,* nu. And
435,69483,4.53,996.5609119367788,1807.244780395103,Scientific,* kap02 Boo
436,87072,4.53,1041.6229852127676,434.34988480233415,Scientific,V* X Sgr
437,85365,4.53,919.3059338782684,772.6742448787235,Scientific,*  47 Oph
438,102589,4.53,2085.534308167462,1218.424016338037,Scientific,* lam Cyg
439,114570,4.53,2588.1749033635233,1456.90439927455,Scientific,*   7 And
440,114144,4.54,2885.81069356168,943.5446202665078,Scientific,*  55 Peg
441,72659,4.54,360.4331522905592,1388.425235606714,Scientific,* ksi Boo
442,46977,4.54,1845.6460554494845,2147.7868524414093,Scientific,* d UMa
443,98162,4.54,1810.351154655047,404.4219751257614,Scientific,* b Sgr
444,115919,4.54,2986.262981882804,1011.1960552714996,Scientific,*  70 Peg
445,110351,4.55,2433.731648289254,1381.354635405269,Scientific,*   2 Lac
446,107119,4.55,2148.8138584402227,1672.0814954603698,Scientific,*  11 Cep
447,110609,4.55,2424.154125135816,1420.1940049413315,Scientific,*   4 Lac
448,33694,4.55,2159.9012784964457,2053.651608497223,Scientific,HD  49878
449,88839,4.55,1164.874196335851,416.043060209178,Scientific,HD 165634
450,301,4.55,3293.0949421502214,624.1104577220242,Scientific,*   2 Cet
451,16281,4.55,2850.708340263679,1916.847465280867,Scientific,HD  21389
452,80079,4.55,516.1854145985495,550.7730125724252,Scientific,* omi Sco
453,86092,4.56,1081.588713384547,168.48074571670674,Scientific,* sig Ara
454,103004,4.56,2117.0100434401193,1098.7644971951336,Scientific,*  31 Vul
455,13328,4.56,3446.7528292451357,1682.790674197178,Scientific,*  17 Per
456,104194,4.56,2147.542740949692,1364.0343606250062,Scientific,* f02 Cyg
457,80463,4.57,702.8331642995252,1121.292432860029,Scientific,* ome Her
458,97886,4.57,1819.4129213036213,1063.0666055357444,Scientific,*  13 Vul
459,80473,4.57,543.8432050659312,557.9135821169419,Scientific,* rho Oph
460,94005,4.57,1550.4242630314193,237.4348483390309,Scientific,* del CrA
461,86614,4.57,1716.339086191406,1721.9357854483203,Scientific,* psi01 Dra A
462,92818,4.57,1515.4066265126755,1069.0995972238773,Scientific,* 113 Her
463,86284,4.58,977.7445719912016,719.7329244224733,Scientific,* mu. Oph
464,79404,4.58,479.5879062884979,495.9828076341015,Scientific,* c02 Sco
465,67627,4.58,1332.642147041891,1901.2553080143855,Scientific,* i Dra
466,115250,4.58,2865.527757851374,1145.7485744966884,Scientific,* tau Peg
467,17959,4.59,2501.9209061053543,1954.3939270950848,Scientific,* gam Cam
468,117452,4.59,3188.32267800889,451.07778689031113,Scientific,* del Scl
469,42527,4.59,1981.8684254836,2230.7747786372756,Scientific,* pi.02 UMa
470,77512,4.59,691.1055336353794,1346.5072732991273,Scientific,* del CrB
471,91926,4.59,1555.8030904748732,1292.2080719986627,Scientific,* eps02 Lyr
472,77840,4.59,359.8194674982607,557.3688401673616,Scientific,*   2 Sco
473,96465,4.59,1687.798926443171,436.688827532199,Scientific,* h02 Sgr
474,95081,4.6,1841.5502193407551,1602.1726381013566,Scientific,* pi. Dra
475,20070,4.6,3062.1600134903133,1999.165271683681,Scientific,* b Per
476,77760,4.6,970.8298266202896,1532.7559407021406,Scientific,* chi Her
477,72125,4.6,301.6403261645951,1375.4800915156568,Scientific,* omi Boo
478,101474,4.61,2024.8705833813056,1201.7504862190915,Scientific,*  47 Cyg
479,14817,4.61,3361.0894185739576,1775.5682388944922,Scientific,* ome Per
480,1366,4.61,2944.9673238699284,1405.3964321345866,Scientific,* tet And
481,76219,4.61,253.5178653635648,844.9414141844397,Scientific,*  37 Lib
482,443,4.61,3281.0222172712706,797.2389060734856,Scientific,*  33 Psc
483,8833,4.61,3810.145852562621,1113.5723382980025,Scientific,* ksi Psc
484,92946,4.62,1463.993251919463,829.2597992778826,Scientific,* tet01 Ser
485,4422,4.62,2704.4553176152604,1679.62000190941,Scientific,* ups02 Cas
486,80628,4.62,567.241518751629,792.2169715204222,Scientific,* ups Oph
487,88175,4.62,1120.9452946084104,761.7526344258018,Scientific,* zet Ser
488,90982,4.62,1364.0496970493512,218.29379671910263,Scientific,* tet CrA
489,118131,4.63,3026.801453075904,1209.7645736996674,Scientific,* psi Peg
490,13914,4.63,3773.9717286979258,1554.690924572763,Scientific,* eps Ari
491,92512,4.63,1720.7011214823144,1535.1171632621786,Scientific,* omi Dra
492,77635,4.63,345.72605268217274,552.6315569079466,Scientific,* b Sco
493,73199,4.63,1388.2125566889515,1817.393070566281,Scientific,V* RR UMi
494,66738,4.63,1059.9527227161457,1888.0978917616976,Scientific,*  83 UMa
495,84606,4.64,1183.5381905227982,1344.7436531803514,Scientific,* e Her
496,101589,4.64,2035.4768349673511,938.4223903364068,Scientific,* zet Del
497,88765,4.64,1202.4755787759816,922.853920304468,Scientific,*  71 Oph
498,76669,4.64,827.7099588479206,1493.3854937081203,Scientific,*   7 CrB A
499,113919,4.64,2553.622970878921,1457.182813049104,Scientific,*   3 And
500,95585,4.64,1633.2604156660138,765.8233800362627,Scientific,* nu. Aql
501,111674,4.64,2450.5611163025214,1454.3507158766872,Scientific,*   9 Lac
502,82369,4.64,689.2833136989425,729.1290853732502,Scientific,*  20 Oph
503,12719,4.65,3597.0081565022942,1583.816685010437,Scientific,*  35 Ari
504,8497,4.66,3896.027239922893,873.9796144737636,Scientific,* chi Cet
505,88567,4.66,1149.7851777344824,401.6949041932624,Scientific,* gam01 Sgr
506,98543,4.66,1863.4591744237111,1108.5184913765154,Scientific,*  15 Vul
507,90135,4.66,1248.5226709246715,674.5012416258976,Scientific,* zet Sct
508,89678,4.66,1220.8276315459486,431.3870086112072,Scientific,HD 167818
509,5571,4.66,3399.24872654274,1279.5484699303229,Scientific,* chi Psc
510,45075,4.67,1867.5308324156097,2234.1828181109177,Scientific,* tau UMa
511,103738,4.67,2191.630890714344,339.02012148405265,Scientific,* gam Mic
512,90595,4.67,1277.5002086801378,595.6100943344696,Scientific,* gam Sct
513,88128,4.67,1204.0512026381764,1035.194564813517,Scientific,*  93 Her
514,96100,4.67,1889.8985844344993,1648.6431411165784,Scientific,* sig Dra
515,16244,4.67,3107.427740938317,1882.311606529517,Scientific,*  34 Per
516,19811,4.67,3346.9118194499515,1961.9172475483424,Scientific,* f Per
517,91919,4.67,1555.9990217127142,1292.9596389466733,Scientific,* eps01 Lyr
518,5742,4.67,3359.130066791204,1330.1713446242431,Scientific,* phi Psc
519,7294,4.68,2763.8822836132813,1730.3230816300818,Scientific,* chi Cas
520,106786,4.68,2412.994877917167,660.9461149142971,Scientific,* ksi Aqr
521,112211,4.68,2812.9562672877923,544.6918248537573,Scientific,* g Aqr
522,96683,4.68,1762.1804471076805,1144.7382808511834,Scientific,* phi Cyg
523,66234,4.68,905.2400202147612,1877.1056922648393,Scientific,*  24 CVn
524,13879,4.68,3345.7164031664324,1742.9329566835695,Scientific,* pi. Per
525,107136,4.69,2264.4123909929076,1419.7007497768377,Scientific,* pi.01 Cyg
526,116389,4.69,3028.577366518293,229.49218427962123,Scientific,* iot Phe
527,91726,4.7,1359.6027667580388,662.3651985969717,Scientific,* del Sct
528,104521,4.7,2233.6547752478755,884.810803783613,Scientific,* gam Equ
529,113116,4.7,2099.0465255065883,1842.8659067791232,Scientific,HD 217382
530,98066,4.7,1803.2389177492332,415.7307185379527,Scientific,* ome Sgr
531,116247,4.7,3109.7243772336724,546.5516537916877,Scientific,* b03 Aqr
532,114375,4.71,2968.2940583058057,509.3949151430496,Scientific,*  89 Aqr
533,97938,4.71,1802.9701017533,862.6517307808131,Scientific,* ksi Aql
534,105140,4.71,2289.3831491972005,341.8548979782562,Scientific,* eps Mic
535,84514,4.72,877.8754889424059,848.3551886828931,Scientific,*  41 Oph
536,78592,4.72,1063.192520306978,1553.9445176729655,Scientific,* ups Her
537,107188,4.72,2445.8639622916744,519.3762855748661,Scientific,* kap Cap
538,6692,4.72,2550.667526789402,1786.4536867881166,Scientific,* psi Cas
539,64844,4.72,672.0188178351966,1875.4770655240716,Scientific,*  20 CVn
540,103045,4.73,2142.7922549760915,636.7475147757704,Scientific,* mu. Aqr
541,11313,4.73,3043.305165894684,1749.846385561139,Scientific,*  65 And
542,79119,4.73,920.7559775579988,1436.99271874051,Scientific,* tau CrB
543,93542,4.74,1526.7940431396555,216.98805068290085,Scientific,* zet CrA
544,2505,4.74,2740.322277314724,1602.2985515400003,Scientific,* lam Cas
545,96052,4.74,1738.8750805422808,1202.3387461102277,Scientific,*   8 Cyg
546,108874,4.74,2558.319724868181,745.4691381133912,Scientific,* omi Aqr
547,103632,4.74,2121.984289990336,1361.154572455449,Scientific,* f01 Cyg
548,15520,4.74,2667.2581009507567,1915.6043014709635,Scientific,HD  20336
549,88116,4.74,1105.9641008707756,484.6499503759727,Scientific,*   4 Sgr
550,116602,4.74,3018.6597421600372,187.46786781219328,Scientific,HD 222095
551,6193,4.74,3341.0493340707862,1375.500635833724,Scientific,* ups Psc
552,77661,4.74,626.2456846802978,1277.3647136354948,Scientific,* rho Ser
553,44390,4.74,1918.7907568780188,2185.2208577992124,Scientific,* rho UMa
554,115088,4.75,2365.3897902993494,1677.031207863311,Scientific,* omi Cep
555,69713,4.75,987.8711949623096,1799.1376475889526,Scientific,* iot Boo
556,76880,4.75,280.7126326822863,668.7930732326637,Scientific,* kap Lib
557,86486,4.76,1134.395087610029,125.6978434555186,Scientific,* lam Ara
558,94703,4.76,1621.190000566948,1041.520747768022,Scientific,*   1 Vul
559,67665,4.76,534.3997136545894,1730.511138182107,Scientific,V* AW CVn
560,106801,4.76,2194.5485493136703,1555.4864555944616,Scientific,*   9 Cep
561,114155,4.76,2787.6368144803264,1153.734841277081,Scientific,*  56 Peg
562,60485,4.76,1027.16468808979,2047.5226622145776,Scientific,*   5 CVn
563,29997,4.76,2353.2785355972997,2110.9766777013992,Scientific,HD  42818
564,112519,4.77,2112.0891654368183,1828.6571164597417,Scientific,HD 216446
565,100310,4.77,1950.2718737485,587.4389783838874,Scientific,* nu. Cap
566,90905,4.77,1647.3420724921143,1516.5557296812,Scientific,* d Dra
567,101027,4.77,2000.0275906796185,522.5511750729547,Scientific,* rho Cap
568,88404,4.77,1127.0981501287265,698.5867802140584,Scientific,* tau Oph
569,3455,4.77,3521.9000151903138,772.3849426834556,Scientific,* phi01 Cet
570,98761,4.77,1857.6239470620903,265.52944292014405,Scientific,HD 189831
571,14382,4.77,2908.6806769758286,1865.084676625474,Scientific,* k Per
572,100044,4.77,1953.183819989973,1237.8621836440784,Scientific,* P Cyg
573,86201,4.77,1656.9318407910173,1688.4994587957062,Scientific,* ome Dra
574,17587,4.78,2722.0695365430984,1950.7648554391244,Scientific,HD  23089
575,9977,4.78,3296.199706236375,1603.3215794338685,Scientific,*  58 And
576,4147,4.78,3528.694539913202,930.6386948558794,Scientific,*  20 Cet
577,87294,4.78,1111.0484303813732,258.2481784579211,Scientific,* iot02 Sco
578,110882,4.78,2685.122926755259,849.4988402105012,Scientific,*  35 Peg
579,110371,4.78,2550.2980496325704,1151.3905311060332,Scientific,*  32 Peg
580,85755,4.78,936.6591353624352,499.05107380974925,Scientific,* c Oph
581,77655,4.79,848.2106945687082,1459.4122399737585,Scientific,* kap CrB
582,109400,4.79,2191.256190656149,1692.7957210069735,Scientific,*  24 Cep
583,9153,4.79,3540.5984517559637,1414.9331398913423,Scientific,* lam Ari
584,1168,4.79,3154.0165730581793,1169.8080968726758,Scientific,* chi Peg
585,109908,4.79,2598.236404650837,230.51510229892145,Scientific,* mu.01 Gru
586,88149,4.79,1145.213085825811,870.7691558740436,Scientific,*  66 Oph
587,99824,4.79,1932.0527052980003,1078.8496945672612,Scientific,HD 192685
588,80815,4.79,575.3766907663814,526.9769410382492,Scientific,* i Sco
589,87220,4.79,1063.6268974659686,378.4180730136273,Scientific,HD 161840
590,45038,4.8,1892.2446168763015,2189.341114557538,Scientific,* sig02 UMa
591,20354,4.8,3167.1611900950775,2000.2129044069816,Scientific,* d Per
592,103089,4.8,2101.349745057934,1320.1202123932069,Scientific,*  57 Cyg
593,69112,4.8,1678.494203016677,1904.312455894625,Scientific,*   4 UMi
594,105382,4.8,2293.503232506922,230.54604263018257,Scientific,* tet01 Mic
595,79881,4.8,517.79667920351,479.6848432244689,Scientific,* d Sco
596,110672,4.8,2679.3879307938746,804.1458671101379,Scientific,* pi. Aqr
597,3300,4.8,2836.1760231033018,1574.5077368853738,Scientific,* ksi Cas
598,99639,4.8,1943.000961412279,1350.655786907475,Scientific,*  30 Cyg
599,4151,4.8,2658.9851859237406,1692.8778942061713,Scientific,HD   5015
600,112051,4.8,2641.076032172839,1179.53022780674,Scientific,* omi Peg
601,71995,4.8,469.8924595165098,1503.528044898634,Scientific,*  34 Boo
602,84573,4.8,1135.8524260811466,1293.2684530814518,Scientific,* u Her
603,73568,4.8,500.84404969143895,1437.8938095975632,Scientific,* ome Boo
604,69879,4.8,601.6619260668283,1668.207963869398,Scientific,* A Boo
605,90289,4.81,1255.6060247422515,516.8309697961826,Scientific,*  21 Sgr
606,101867,4.81,2051.1686844550686,1022.0817748443524,Scientific,*  29 Vul
607,102724,4.81,2082.0034666652055,1341.6999804566362,Scientific,*  55 Cyg
608,82321,4.82,1197.228212448794,1484.7041919919177,Scientific,*  52 Her
609,110386,4.82,2624.566879173308,943.4452299539696,Scientific,*  31 Peg
610,116901,4.82,3162.0200630355175,597.8778972129785,Scientific,* 104 Aqr
611,104019,4.82,2214.796551739841,498.68566456976185,Scientific,* eta Cap
612,90344,4.82,1713.952151778729,1622.926818136022,Scientific,*  42 Dra
613,69226,4.82,350.339550763004,1578.184136845843,Scientific,* d Boo
614,111123,4.82,2732.3400106879703,647.4539689029135,Scientific,* sig Aqr
615,83262,4.82,773.8588498841331,812.426118228203,Scientific,*  30 Oph
616,92782,4.82,1827.6986540825549,1679.5435713482725,Scientific,* ups Dra
617,80179,4.82,580.4406063842839,941.5026676056748,Scientific,* sig Ser
618,66458,4.82,566.0722607638988,1787.9222453394514,Scientific,*  25 CVn
619,51459,4.82,1458.816239158939,2246.6452359326317,Scientific,*  36 UMa
620,78554,4.82,697.1009578988392,1279.9969927366335,Scientific,* pi. Ser
621,115022,4.82,2609.669374985498,1457.1069060657933,Scientific,*   8 And
622,80704,4.83,1069.8908469980115,1467.252994268728,Scientific,* g Her
623,93026,4.83,1451.3850168530107,697.3450198240749,Scientific,* eta Sct
624,83574,4.83,817.2645890851579,362.93737624662504,Scientific,* k Sco
625,93174,4.83,1485.265380898558,283.7670868540347,Scientific,* eps CrA
626,6813,4.83,3044.840338249078,1595.8386230470928,Scientific,* ome And
627,73695,4.83,962.2131444270872,1675.2938386437943,Scientific,* i Boo
628,4292,4.83,2705.5884827261975,1675.5905527835307,Scientific,* ups01 Cas
629,92088,4.83,1490.3719271252482,1126.2033001328364,Scientific,HD 173780
630,81660,4.84,1488.0232865135663,1691.1283855893366,Scientific,* g Dra
631,10340,4.84,3166.299187527949,1674.6865450232972,Scientific,* b And
632,112203,4.84,2752.8040188145046,234.8151608020951,Scientific,* rho Gru
633,81008,4.84,715.2941527686881,1074.5272520721935,Scientific,* h Her
634,82020,4.84,1358.07590651436,1607.8914404283237,Scientific,HD 151613
635,7007,4.84,3663.7761615531854,1108.5966628594945,Scientific,* mu. Psc
636,70027,4.84,199.611463918116,1437.6891972723065,Scientific,*  20 Boo
637,114104,4.84,2453.954337929754,1570.1165067507395,Scientific,*   1 Cas
638,112374,4.84,2678.5508746800874,68.33773923975397,Scientific,* eta Gru
639,98353,4.84,1821.802621482721,416.7472712408679,Scientific,*  60 Sgr
640,10644,4.84,3393.3951489937267,1585.821539091859,Scientific,* del Tri
641,14862,4.85,2431.1361105805636,1916.3113979346952,Scientific,HD  19275
642,89918,4.85,1258.9907778016886,840.8849937770465,Scientific,*  74 Oph
643,87846,4.85,1176.1939368149226,196.2921789560417,Scientific,HD 163145
644,15416,4.85,3506.7335812955293,1751.9555284094072,Scientific,HD  20468
645,93148,4.85,1555.3109285473,73.62512486475427,Scientific,* lam Tel
646,109068,4.86,2557.4119959262193,840.7950242450717,Scientific,* nu. Peg
647,86736,4.86,1005.0626780109956,524.1540759281254,Scientific,*  58 Oph
648,94643,4.86,1561.3066767661398,436.27337699895065,Scientific,* psi Sgr
649,70327,4.86,77.78600022178726,1311.3331298362782,Scientific,BD+09  2882
650,2210,4.86,3394.3219505750712,399.445425242028,Scientific,* eta Scl
651,51808,4.86,1799.596662948721,2054.048517994,Scientific,HD  91190
652,85829,4.86,1453.7504884745715,1540.9059672829735,Scientific,* nu.02 Dra
653,92761,4.86,1430.697293899396,475.5792265019132,Scientific,* nu.01 Sgr
654,80181,4.86,886.1575989532515,1347.0699841657288,Scientific,* ksi CrB
655,71832,4.86,150.1762100429591,1256.5602083115675,Scientific,*  31 Boo
656,91918,4.86,1397.9799721105928,306.27857264812195,Scientific,HD 172910
657,81497,4.86,1211.507657487752,1531.7985276684708,Scientific,*  42 Her
658,32438,4.86,2451.22832732902,2232.1345996127666,Scientific,*  12 Lyn
659,106551,4.87,2290.4784177911356,1256.1677149029886,Scientific,*  72 Cyg
660,97290,4.87,1743.5010538802171,501.2141852124845,Scientific,* f Sgr
661,15110,4.87,3818.9791651331816,1601.030657332875,Scientific,* zet Ari
662,12093,4.87,3976.848430681798,1258.2983367760685,Scientific,* nu. Cet
663,6411,4.87,3029.571631930931,1587.5191864927942,Scientific,* ksi And
664,118209,4.88,3234.711766697895,820.4488742953301,Scientific,*  27 Psc
665,94820,4.88,1569.84179371595,518.1044109870544,Scientific,* d Sgr
666,87936,4.88,1163.611423876712,233.30370400029165,Scientific,HD 163376
667,91845,4.88,1367.8626702602598,672.0210646331726,Scientific,* eps Sct
668,117301,4.88,2565.6650747010326,1596.2394702932845,Scientific,* tau Cas
669,96341,4.88,1721.1659029968146,135.8784052373054,Scientific,* iot Tel
670,118243,4.88,2639.5042546231684,1576.7800488514229,Scientific,* sig Cas
671,82860,4.88,1524.592024406193,1682.4101049204266,Scientific,* h Dra
672,910,4.89,3336.9762267441074,659.4697564155549,Scientific,*   6 Cet
673,83613,4.89,893.3763065619057,1044.1048204780652,Scientific,*  60 Her
674,97118,4.89,1803.6931398589388,1235.3225753098843,Scientific,*  15 Cyg
675,85819,4.89,1453.6485138637447,1541.1212163667738,Scientific,* nu.01 Dra
676,102831,4.89,2124.593314581758,318.7399357801623,Scientific,* alf Mic
677,115990,4.89,2525.1408526154114,1579.3491503925677,Scientific,V* AR Cas
678,111841,4.89,2561.039905626715,1300.7765082976562,Scientific,*  10 Lac
679,102790,4.9,2114.3070751229884,159.18739848831137,Scientific,* zet Ind
680,97679,4.9,1804.6662158209735,1044.8116596301666,Scientific,*  12 Vul
681,3801,4.9,2844.938261930882,1588.9645127531978,Scientific,* nu. Cas
682,78821,4.9,419.3321754526538,638.2606801482527,Scientific,* bet02 Sco
683,6670,4.9,3772.23821413785,766.2415968441246,Scientific,*  46 Cet
684,83608,4.91,1370.765705098459,1560.428610793174,Scientific,* mu. Dra
685,73473,4.91,75.74609372051842,932.7627778985052,Scientific,* del Lib
686,81724,4.91,632.898826183664,632.3831222868023,Scientific,*  24 Sco
687,101692,4.91,2046.2719220117335,718.0104547999476,Scientific,*  70 Aql
688,101101,4.91,2004.2782065057409,713.6141272114851,Scientific,*  69 Aql
689,66257,4.91,587.2920369989743,1802.6444433261695,Scientific,V* BH CVn
690,113186,4.91,2823.785791171453,924.9444740990645,Scientific,* rho Peg
691,12623,4.91,3309.42566391037,1705.703911151429,Scientific,*  12 Per
692,98055,4.91,1888.4152829501068,1425.147802150454,Scientific,* psi Cyg
693,36547,4.92,2068.639452631207,1995.941743782498,Scientific,V* VZ Cam
694,88726,4.92,1224.2573125988818,207.47392164389237,Scientific,CD-43 12272
695,92689,4.92,1663.116831891999,1426.2588955250708,Scientific,HD 175535
696,75379,4.92,195.91373742724903,857.6226692279037,Scientific,* eps Lib
697,67480,4.92,216.1847925457388,1596.4305675024546,Scientific,* e Boo
698,90830,4.92,1374.443720058371,169.55497616722124,Scientific,* del01 Tel
699,102388,4.92,2082.0258533760934,1074.59422973068,Scientific,*  30 Vul
700,89861,4.92,1337.5867928992336,1084.9330752318574,Scientific,* 106 Her
701,73996,4.93,516.1318504298318,1423.6512836564186,Scientific,* c Boo
702,79375,4.93,470.4014287742345,787.3019999012748,Scientific,* psi Sco
703,37609,4.93,2231.5702828953727,2289.0078812133747,Scientific,*  24 Lyn
704,114939,4.93,3002.9300055476815,719.9793906450722,Scientific,* chi Aqr
705,99770,4.93,1937.6669276085831,1222.458708012229,Scientific,* b03 Cyg
706,72631,4.93,70.7249594277226,1062.774081312952,Scientific,*  11 Lib
707,96483,4.93,1688.1678964202338,667.52496931729,Scientific,* kap Aql
708,99120,4.93,1897.8334133400012,73.6767957020009,Scientific,* ksi Tel
709,117073,4.93,2923.1046674092995,1245.4095740170137,Scientific,*  78 Peg
710,63503,4.93,1120.552758077442,1972.051789642489,Scientific,*  78 UMa
711,102571,4.93,2086.3796780542034,1191.316642048653,Scientific,V* T Cyg
712,99303,4.93,1914.801173267292,1223.479296109802,Scientific,* b02 Cyg
713,80650,4.94,1549.1657724361733,1741.7316044719933,Scientific,*  15 Dra
714,64540,4.94,660.2322868394405,1883.9518365727736,Scientific,HD 115004
715,10280,4.94,3461.5087779798755,1531.1941325485518,Scientific,* iot Tri
716,50933,4.94,1655.6512517234808,2163.7877014300516,Scientific,V* ET UMa
717,93279,4.94,1583.371542196633,1187.7451083586109,Scientific,* lam Lyr
718,101138,4.94,2008.1341453142077,1377.0882945126316,Scientific,* ome01 Cyg
719,109422,4.94,2594.6664588656695,346.941029589152,Scientific,* tau PsA
720,99742,4.94,1920.2271487219737,945.8699967509394,Scientific,* rho Aql
721,13905,4.94,3456.153239678774,1704.5353743862984,Scientific,*  24 Per
722,18505,4.95,2722.90956525088,1968.2021942241076,Scientific,HD  24479
723,117245,4.95,3133.313020723267,905.1410823817552,Scientific,*  19 Psc
724,61384,4.95,1516.4080603170817,1997.667422638391,Scientific,*   6 Dra
725,6242,4.95,2764.665504058826,1702.5113140675526,Scientific,* phi Cas
726,79822,4.95,1685.1629267945186,1807.245771344135,Scientific,* eta UMi
727,115738,4.95,3033.9924007710274,853.1590981530624,Scientific,* kap Psc
728,78207,4.95,379.7811936130768,738.5175345535089,Scientific,*  48 Lib
729,3414,4.95,2900.3916238683796,1539.4661078783397,Scientific,* pi. Cas
730,98068,4.95,1857.373984082633,1246.8964467070348,Scientific,*  22 Cyg
731,112917,4.95,2576.480803757271,1364.404375395104,Scientific,*  15 Lac
732,115590,4.96,2460.83240137488,1616.9278223321362,Scientific,*   4 Cas
733,89153,4.96,1177.1865769600784,480.19871249340065,Scientific,*   1 Sgr
734,15648,4.96,3271.64814138942,1828.7517651443393,Scientific,* l Per
735,7818,4.96,3172.368067840394,1571.3270781667168,Scientific,* tau And
736,78180,4.96,1216.7298775807412,1649.111343534196,Scientific,V* CL Dra
737,89172,4.96,1358.258687038766,1213.3219911993117,Scientific,* 104 Her
738,78650,4.96,418.95512263123067,538.6818759274172,Scientific,HD 143787
739,88657,4.96,1267.7027115449418,1100.798354971541,Scientific,*  98 Her
740,7918,4.96,3134.605687449347,1594.5598588546216,Scientific,HD  10307
741,27949,4.96,2705.5778670615496,2189.457653270317,Scientific,* ksi Aur
742,17313,4.97,3533.756393259474,1821.8346202594064,Scientific,* o Per
743,116310,4.97,2859.987072359698,1257.8791978315626,Scientific,*  72 Peg
744,83430,4.97,892.1742717739219,1065.380997012057,Scientific,*  32 Oph
745,116758,4.97,3148.7936734453706,648.1445021740354,Scientific,* ome01 Aqr
746,76742,4.97,276.95619083830087,598.0312821927487,Scientific,*  42 Lib
747,117221,4.97,2734.5392077661154,1456.257276699307,Scientific,* psi And
748,9009,4.97,2562.5314176688967,1822.237614172625,Scientific,* ome Cas
749,90156,4.98,1639.3385176854486,1543.1950707621563,Scientific,* b Dra
750,10053,4.98,3536.902093547578,1472.39854822096,Scientific,*  14 Ari
751,7999,4.98,3816.188192806963,979.658078880778,Scientific,HD  10550
752,98073,4.98,1906.4055632320224,1506.7954661682795,Scientific,HD 189276
753,92951,4.98,1464.129887135781,829.2277312119176,Scientific,* tet02 Ser
754,23783,4.98,2944.815400431604,2110.87218331899,Scientific,*   9 Aur
755,76041,4.98,884.8023146250711,1554.8272214405831,Scientific,* nu.02 Boo
756,95066,4.98,1591.7233511310608,693.3613297825316,Scientific,* f Aql
757,78493,4.98,792.3321709897942,1370.881638746151,Scientific,* iot CrB
758,95372,4.99,1687.2194634208345,1143.5654032590796,Scientific,*   2 Cyg
759,115115,4.99,3018.97166571162,695.5972276561712,Scientific,* psi03 Aqr
760,9505,4.99,2912.468024842171,1738.1385481895709,Scientific,* g Per
761,89348,4.99,1673.8361358281572,1615.9526470868816,Scientific,*  36 Dra
762,16147,4.99,3119.442254360758,1877.174840578681,Scientific,HD  21278
763,113288,4.99,2531.217918705706,1446.7797679629336,Scientific,V* V424 Lac
764,355,4.99,3289.6948105027227,726.1605579654181,Scientific,*   3 Cet
765,75312,4.99,664.3299333547417,1453.452178939947,Scientific,* eta CrB
766,98842,4.99,1857.1898056683535,341.04011205966117,Scientific,HD 190056
767,109289,4.99,2581.096574824625,326.60847506332885,Scientific,* ups PsA
768,18488,4.99,2777.2642254230036,1967.255590581296,Scientific,HD  24480
769,79043,5.0,651.9970633382425,1192.6532703558048,Scientific,* kap Her A
770,93408,5.0,1668.570973984292,1374.515437660803,Scientific,*  16 Lyr
771,19018,5.0,2826.0226056968504,1979.0540859828636,Scientific,HD  25291
772,94490,5.0,1775.21661854791,1504.170367574414,Scientific,*  54 Dra
773,92845,5.0,1436.336962000117,476.2317748059922,Scientific,* nu.02 Sgr
774,96275,5.0,1712.9463592675963,1013.320271154054,Scientific,*   9 Vul
775,76008,5.0,1692.4505372038168,1847.5758852869835,Scientific,* tet UMi
776,97295,5.0,1804.322089830439,1188.3563882764583,Scientific,*  17 Cyg
777,88788,5.0,1438.731997583927,1368.4644338661046,Scientific,HD 166208
778,88060,5.0,1116.8306029600585,394.7556354996959,Scientific,CD-30 15035
779,7719,5.01,3092.8493579894557,1607.494132775561,Scientific,* chi And
780,841,5.01,2817.402650359076,1482.2013171407411,Scientific,*  22 And
781,97496,5.01,1787.9570975759627,1000.8868732341592,Scientific,* zet Sge
782,52425,5.01,1670.613816256547,2113.895151389296,Scientific,HD  92523
783,84833,5.01,1010.0563012349024,1095.9728263549548,Scientific,V* V656 Her
784,29919,5.01,2506.0748941357847,2179.863801531132,Scientific,*   1 Lyn
785,60998,5.01,1499.4721907739188,2005.4928955727255,Scientific,*   4 Dra
786,98258,5.01,1812.9818325340884,554.417452811929,Scientific,* g Sgr
787,2219,5.01,3240.876150905053,1159.9946065467052,Scientific,*  47 Psc
788,95477,5.02,1618.9664833449433,443.7957996329466,Scientific,* chi01 Sgr
789,107608,5.02,2466.2390406395366,363.45042825826295,Scientific,* tet PsA
790,91975,5.02,1393.3511882953314,807.5984340630496,Scientific,*   4 Aql
791,93057,5.02,1448.2296086122522,502.1390119893266,Scientific,* ksi01 Sgr
792,89981,5.02,1540.7981689716464,1426.932919637471,Scientific,HD 169305
793,87234,5.02,1799.6800052183646,1769.6219617492084,Scientific,*  35 Dra
794,87212,5.02,1449.6201937196938,1473.8618380890262,Scientific,*  30 Dra
795,74793,5.02,1547.9475744795227,1828.8624757815448,Scientific,*  11 UMi
796,68103,5.02,373.983607185019,1647.0147808570853,Scientific,*   9 Boo
797,82504,5.03,934.9764514033864,1221.1646926380542,Scientific,*  51 Her
798,95261,5.03,1683.1956501121458,53.88473059704451,Scientific,* eta Tel
799,103200,5.03,2128.057362493679,1111.399088839837,Scientific,*  32 Vul
800,91755,5.03,1664.6237628210906,1492.176961026037,Scientific,* c Dra
801,9836,5.03,3587.196290027087,1424.13769433475,Scientific,* kap Ari
802,83336,5.03,789.5540926117591,394.7689943130955,Scientific,HD 153613
803,84671,5.03,949.6807837549508,1001.8594578887904,Scientific,* e Oph
804,97635,5.03,1872.6681834809228,1433.1805679635772,Scientific,* d Cyg
805,95937,5.03,1654.2781251095214,724.044391673495,Scientific,* e Aql
806,74975,5.04,253.40549192029312,1066.6992556779608,Scientific,*   5 Ser
807,15219,5.04,3066.193018205215,1859.7226715907564,Scientific,HD  20123
808,106711,5.04,2292.588965825513,1280.9620008424602,Scientific,*  74 Cyg
809,108535,5.04,2165.9833575818766,1699.757563314899,Scientific,*  16 Cep
810,183,5.04,3261.499465608727,435.3590041185075,Scientific,* zet Scl
811,111710,5.04,2765.068452738202,737.9661414282419,Scientific,* kap Aqr
812,75973,5.04,881.2630745327267,1555.7854518138774,Scientific,* nu.01 Boo
813,77811,5.04,348.07380232498207,646.2846127512369,Scientific,* lam Lib
814,5317,5.04,3022.335858755468,1545.9631627888502,Scientific,*  41 And
815,114347,5.05,2903.205569740356,936.2028554615916,Scientific,*  57 Peg
816,88745,5.05,1329.913869256295,1207.0065063749537,Scientific,* b Her
817,15444,5.05,3089.6815276566313,1861.9483793423449,Scientific,*  31 Per
818,115227,5.05,2978.820287137484,902.639416232025,Scientific,*   7 Psc
819,37391,5.05,2030.9362125468135,1939.6799669085535,Scientific,V* OV Cep
820,109556,5.05,2304.8100658043113,1535.6595671542943,Scientific,* lam Cep
821,117371,5.05,2422.3224554534854,1694.3069935301023,Scientific,HD 223274
822,98571,5.06,1903.417139860467,1394.3152173964925,Scientific,* e Cyg
823,84033,5.06,930.8507728199204,201.6744484301774,Scientific,HD 154948
824,96950,5.06,1719.710366662223,548.824719545154,Scientific,* e02 Sgr
825,96825,5.06,1813.4291566872816,1340.5907754476725,Scientific,HD 186155
826,102950,5.06,2119.5921834187143,90.24528827800148,Scientific,* iot Ind
827,17296,5.06,2727.427109799191,1944.7045254219297,Scientific,V* BD Cam
828,117718,5.06,3057.8711556191065,1124.2209587741884,Scientific,* phi Peg
829,102843,5.06,2088.99421305356,1315.54035902128,Scientific,*  56 Cyg
830,101868,5.06,2050.2517571324497,1059.3886400146405,Scientific,*  28 Vul
831,90853,5.07,1374.9716631176843,171.66525852223873,Scientific,* del02 Tel
832,83947,5.07,1194.660878960961,1397.2249778584985,Scientific,HD 155410
833,81292,5.07,1270.7021660362918,1578.3019839140109,Scientific,*  17 Dra
834,85805,5.07,1638.6325280365636,1685.1438570445396,Scientific,* f Dra
835,109017,5.07,2265.284688775994,1568.0551217746895,Scientific,*  19 Cep
836,93867,5.07,1541.7834572605766,912.9192017203331,Scientific,*  18 Aql
837,3810,5.07,3349.4650278967465,1182.551133344286,Scientific,*  64 Psc
838,101916,5.07,2057.7681063401396,879.8465818994702,Scientific,* kap Del
839,107763,5.07,2391.312949780908,1156.186382692224,Scientific,*  14 Peg
840,21727,5.07,2954.6098476432994,2049.7684232211514,Scientific,*   3 Cam
841,111532,5.08,2220.3639587645657,1717.584729612822,Scientific,*  31 Cep
842,100881,5.08,1990.7403749275936,517.467690477161,Scientific,* pi. Cap
843,92814,5.08,1431.0671546195567,569.9080599370448,Scientific,HD 175156
844,2854,5.08,2756.8743857393715,1604.3010426715305,Scientific,HD   3240
845,108036,5.08,2509.673772791424,592.1867875301317,Scientific,* mu. Cap
846,99080,5.08,1887.630036561017,1054.5579509155532,Scientific,*  17 Vul
847,25110,5.08,2235.3349360351062,1990.2982878114497,Scientific,HD  33564
848,87194,5.09,1207.8482777042848,1161.7826660288592,Scientific,*  87 Her
849,115444,5.09,2956.800871646357,998.5368287412434,Scientific,*  66 Peg
850,108022,5.09,2423.45885011337,1103.4390042713983,Scientific,*  16 Peg
851,98920,5.09,1874.8812634423596,1008.4222895243108,Scientific,* eta Sge
852,9110,5.09,3633.538612460163,1337.6163645925485,Scientific,* iot Ari
853,23265,5.09,2207.693859532101,1966.1967889714888,Scientific,HD  30338
854,90037,5.09,1283.8831942297486,270.42409886909104,Scientific,HD 168592
855,79302,5.09,479.0355357235371,471.96646683539143,Scientific,HD 145250
856,77660,5.09,385.34545789144096,929.062528443881,Scientific,* b Ser
857,16292,5.09,2944.73685578728,1907.070963607757,Scientific,HD  21447
858,117020,5.09,3077.1721866476923,995.200331110128,Scientific,*  77 Peg
859,109102,5.09,2387.136947879152,1353.2441470996707,Scientific,HD 209945
860,113788,5.09,2621.7304015846507,1366.9210597507542,Scientific,*   2 And
861,106999,5.09,2294.110603053507,1318.644384161005,Scientific,*  75 Cyg
862,78481,5.1,629.8003575823,1215.7958566066195,Scientific,* r Her
863,107382,5.1,2457.3708163364126,647.4686097611792,Scientific,* c Cap
864,88899,5.1,1268.7534838484205,1069.990346315374,Scientific,* 101 Her
865,19461,5.1,2245.422242199364,1945.6905013925705,Scientific,BD+80   125
866,106944,5.1,2412.1332967936846,792.2800256624573,Scientific,* d Aqr
867,70400,5.1,41.35277301825283,1267.3642475695076,Scientific,HD 126248
868,13775,5.1,3530.815364528414,1668.2289568160184,Scientific,*  21 Per
869,94885,5.1,1587.5854785076892,778.4167190681499,Scientific,*  23 Aql
870,15737,5.1,3843.195707133958,1623.4840060909353,Scientific,*  63 Ari
871,85162,5.1,999.4319591211978,204.91863305666504,Scientific,HD 157243
872,6960,5.11,3798.972674911664,648.86020372101,Scientific,*  48 Cet
873,94083,5.11,1895.870183578696,1739.5958226236753,Scientific,*  59 Dra
874,108317,5.11,2233.604832543956,1581.2443780798444,Scientific,V* VV Cep
875,111795,5.11,2405.5609488179343,1519.1575143640466,Scientific,V* V416 Lac
876,90191,5.11,1471.767456489396,1305.3492104755933,Scientific,* mu. Lyr
877,109973,5.11,2601.675104485881,226.89003994562265,Scientific,* mu.02 Gru
878,33104,5.11,2279.6551789087707,2140.5538263627727,Scientific,*  43 Cam
879,112242,5.11,2558.5812208973903,1339.271797054664,Scientific,*  13 Lac
880,102693,5.11,2110.5783404256917,187.846264820711,Scientific,* iot Mic
881,91875,5.11,1404.1894784835122,270.3573606126668,Scientific,* lam CrA
882,91105,5.12,1314.5525344316409,640.5792448467917,Scientific,HD 171391
883,96327,5.12,1675.8885466575766,622.3420290725766,Scientific,*  37 Aql
884,97675,5.12,1786.9180540191294,888.44238807541,Scientific,* omi Aql
885,90806,5.12,1291.105745218518,542.840742544861,Scientific,HD 170680
886,101477,5.12,2030.7872325449416,180.8165783246204,Scientific,* nu. Mic
887,52353,5.12,1610.8122603103163,2145.92191989977,Scientific,*  38 UMa
888,53261,5.12,1343.4971193102656,2221.7219263935995,Scientific,*  44 UMa
889,110391,5.12,2679.231969488604,496.9702026330698,Scientific,*  47 Aqr
890,95951,5.12,1714.3339541883593,1119.734724760801,Scientific,* bet02 Cyg
891,113860,5.12,2897.755450018827,333.2922322790633,Scientific,* pi. PsA
892,89935,5.12,1382.8805813605525,1173.167752273625,Scientific,* t Her
893,6061,5.13,3625.32862968079,1045.9711200135052,Scientific,* f Psc
894,145,5.13,3250.682231966328,831.7221178003235,Scientific,*  29 Psc
895,84887,5.13,1067.056776482299,1179.4279393424329,Scientific,*  70 Her
896,1158,5.13,3340.751741863597,777.6983982645007,Scientific,V* AD Cet
897,15890,5.13,2695.499191263657,1920.413942430805,Scientific,V* CQ Cam
898,69038,5.13,789.6118365246023,1765.4801735727103,Scientific,V* BY Boo
899,94302,5.13,1763.3181402138043,1494.4554956700615,Scientific,*  53 Dra
900,76307,5.14,858.6936019674982,1527.7935785883833,Scientific,* mu. CrB
901,17886,5.14,3560.8474878744328,1837.856424917606,Scientific,* n Per
902,64906,5.14,924.6570887207954,1917.7784136945097,Scientific,*  21 CVn
903,59504,5.14,1727.6535932600125,1983.1837857710173,Scientific,V* CO Cam
904,100122,5.14,1954.8997120980491,1198.757503003052,Scientific,*  35 Cyg
905,84626,5.14,857.3602885701648,503.1158402453551,Scientific,* omi Oph A
906,94477,5.14,1561.3402251593195,796.0538716064939,Scientific,*  21 Aql
907,2900,5.14,2923.141326149429,1501.5615464786888,Scientific,V* V428 And
908,32864,5.14,2305.944000182382,2152.826969388748,Scientific,*  42 Cam
909,95498,5.14,1665.0286983125748,1017.0514308092426,Scientific,*   4 Vul
910,97870,5.14,1894.6306982344413,1490.4249607308095,Scientific,*  23 Cyg
911,5799,5.14,3685.1459331325104,859.5619482280197,Scientific,*  37 Cet
912,101936,5.15,2061.6549665082075,756.9835812983384,Scientific,*   1 Aqr
913,82073,5.15,760.3617011112544,1014.1295048825152,Scientific,* i Her
914,44857,5.15,1896.8529031698629,2193.1818670549583,Scientific,* sig01 UMa
915,98425,5.15,1872.575909043887,1227.61204089895,Scientific,*  25 Cyg
916,75761,5.15,301.91728046118004,1048.592288758401,Scientific,*  10 Ser
917,11784,5.15,3385.1268289689906,1642.7700872727055,Scientific,*  14 Tri
918,47654,5.15,1849.456577685592,2115.62445246807,Scientific,*  27 UMa
919,101984,5.15,2067.69014588023,518.5920968687085,Scientific,* ups Cap
920,102531,5.15,2096.937568020756,957.6806316760332,Scientific,* gam01 Del
921,5544,5.15,3245.456701802312,1409.8011722126546,Scientific,* g Psc
922,114520,5.15,2915.142442643863,938.9251190266104,Scientific,*  59 Peg
923,74605,5.15,1436.3132216923275,1805.334413747261,Scientific,HD 136064
924,76243,5.16,258.7748672125997,859.2631894979845,Scientific,HD 138764
925,107095,5.16,2438.9715716572746,581.7608776815752,Scientific,*  42 Cap
926,105570,5.16,2309.231542946118,845.5003985259657,Scientific,* bet Equ
927,11060,5.16,2903.19699754397,1782.5432933627285,Scientific,* i Per
928,75530,5.16,442.3320276417437,1255.6477524068746,Scientific,* tau01 Ser
929,51814,5.16,1463.7490094435832,2230.614685686665,Scientific,*  37 UMa
930,90887,5.16,1345.2798741318156,253.95526423867716,Scientific,HD 170642
931,1686,5.16,2969.2498505900935,1402.822267931714,Scientific,* rho And
932,15404,5.16,3086.1203743832007,1861.4777338014187,Scientific,*  29 Per
933,112935,5.16,2803.7041692383887,935.9832033378608,Scientific,* sig Peg
934,104963,5.17,2282.422835360505,490.1292345662836,Scientific,* phi Cap
935,95447,5.17,1643.8170250440533,916.2007770405512,Scientific,* b Aql
936,2381,5.17,3445.557043532458,549.1064777836133,Scientific,HD   2696
937,117629,5.17,3219.068681989548,589.7995398801445,Scientific,* i03 Aqr
938,12832,5.17,3903.351191452689,1390.0738157449136,Scientific,*  38 Ari
939,3909,5.17,3556.4249418689747,779.8653036846425,Scientific,* phi02 Cet
940,95556,5.17,1719.8537514747543,1228.306667400956,Scientific,*   4 Cyg
941,12273,5.17,2473.229529252311,1882.6668525765165,Scientific,HD  15920
942,96459,5.17,1794.0272825594193,1331.3072261073714,Scientific,HD 185351
943,5336,5.17,2812.257086931862,1656.043115322745,Scientific,* mu. Cas
944,93815,5.17,1590.9256760822702,81.37674386882479,Scientific,* rho Tel
945,104085,5.17,2182.5948594045817,50.39001936173083,Scientific,* mu. Ind
946,87563,5.17,1351.7248140548988,1338.826155274537,Scientific,* f Her
947,107230,5.18,2144.2942327224755,1684.904705318938,Scientific,*  78 Dra
948,8016,5.18,2505.5787487351913,1819.6732219946484,Scientific,*  42 Cas
949,99853,5.18,1931.855686525464,1052.1608592318423,Scientific,*  22 Vul
950,2225,5.18,2898.520241292762,1487.8708527784215,Scientific,HD   2421
951,1708,5.18,3377.1262037459956,459.5931483255546,Scientific,* iot Scl
952,92646,5.18,1521.236785269353,84.7970376017709,Scientific,* kap Tel
953,97630,5.18,1834.758392050712,1251.1289450990837,Scientific,*  19 Cyg
954,45333,5.18,1840.027058730876,2258.626963852677,Scientific,* c UMa
955,96665,5.18,1713.3575933375068,827.0502203789991,Scientific,* sig Aql
956,101260,5.18,2013.0747185334756,1709.9217397379575,Scientific,*  73 Dra
957,69373,5.18,1460.5028054024403,1886.6583838662473,Scientific,HD 124730
958,105268,5.19,2133.255931052193,1585.9023319477396,Scientific,*   6 Cep
959,111797,5.19,2337.0618032386305,1600.657181980014,Scientific,*  30 Cep
960,115404,5.19,3047.0965433516735,622.4895224088997,Scientific,*  97 Aqr
961,103294,5.19,2147.7993044243153,928.0147457603688,Scientific,*  17 Del
962,77277,5.19,1361.890384687647,1733.1629242095062,Scientific,HD 141653
963,56583,5.19,1574.491696968305,2063.383407607326,Scientific,*   2 Dra
964,99738,5.19,1929.2875565163545,1118.6708798138948,Scientific,*  21 Vul
965,11220,5.19,3048.368429885869,1745.4074895961016,Scientific,*  64 And
966,93917,5.2,1619.351762079899,1188.241688763942,Scientific,*  17 Lyr
967,93017,5.2,1573.2727311217757,1199.1183012057097,Scientific,HD 176051
968,104174,5.2,2221.6106793837816,338.3994107590973,Scientific,*   2 PsA
969,104214,5.2,2168.584973008051,1250.4318184688395,Scientific,*  61 Cyg A
970,27971,5.2,2607.5351509062853,2161.842933226009,Scientific,*  31 Cam
971,90441,5.2,1286.6233762163793,794.1563204620285,Scientific,* d Ser
972,35146,5.2,2334.9131366808556,2259.017398118709,Scientific,*  18 Lyn
973,19949,5.2,2969.8501691037486,1999.681219472014,Scientific,HD  26764
974,92226,5.2,1434.6191557232669,241.68373757328527,Scientific,* mu. CrA
975,2355,5.2,3113.4518439622457,1316.672698967259,Scientific,*  28 And
976,2762,5.2,3443.2736652563253,867.0467833522117,Scientific,*  13 Cet
977,63901,5.2,538.8178296615891,1880.8044241865207,Scientific,*  14 CVn
978,115126,5.2,3024.816344633846,641.9809498943299,Scientific,*  94 Aqr
979,80197,5.2,927.8378858741476,1382.1647901715428,Scientific,* nu.01 CrB
980,30679,5.21,2539.481057571638,2217.9196361084655,Scientific,*   5 Lyn
981,77578,5.21,417.89891384862807,1012.3506921571416,Scientific,* ome Ser
982,111449,5.21,2758.579846255265,514.7422400276666,Scientific,* ups Aqr
983,85079,5.21,1026.4215773557462,155.94243013572256,Scientific,* iot Ara
984,5737,5.21,3567.5558897268043,1096.995659447971,Scientific,* zet Psc A
985,92405,5.22,1538.6887383283845,1199.025799122341,Scientific,* nu. Lyr
986,9763,5.22,2378.4848792475204,1865.8842557053572,Scientific,*  49 Cas
987,95260,5.22,1670.1240672708389,1101.0894641562786,Scientific,*   3 Vul
988,3505,5.22,3533.861311078149,591.4468495931396,Scientific,HD   4247
989,116076,5.22,2767.476956207445,1353.077458899196,Scientific,*  14 And
990,98583,5.22,1937.5681221049983,1582.1231617062372,Scientific,* e Dra
991,82216,5.22,747.5783417180609,964.5925481820912,Scientific,* l Her
992,92390,5.22,1401.819340551125,509.332197407099,Scientific,*  29 Sgr
993,106093,5.22,2238.4202952610326,1356.1207078396328,Scientific,* g Cyg
994,23734,5.22,2746.49932664571,2088.6414164721396,Scientific,*  11 Cam
995,63076,5.23,1375.3168440118027,1981.374738864018,Scientific,*   8 Dra
996,98636,5.23,1864.2960618165291,1072.3019444739678,Scientific,*  16 Vul
997,94068,5.23,1541.343234385778,847.1820329333684,Scientific,*  19 Aql
998,82493,5.23,795.4221444764808,257.8917885287123,Scientific,HD 151804
999,82730,5.23,729.7227215958765,791.9787654453871,Scientific,*  23 Oph
1000,6315,5.23,3323.9936950268147,1397.0683596772417,Scientific,* l Psc
1001,10306,5.23,3634.174481925333,1421.5029205125093,Scientific,* eta Ari
1002,79607,5.23,900.5944902040653,1395.8807194059527,Scientific,* sig CrB
1003,86036,5.23,1552.5393526032135,1614.3757402457031,Scientific,*  26 Dra
1004,101923,5.24,2062.8399530112297,559.3196377991836,Scientific,* tau Cap
1005,109572,5.24,2325.710266053094,1504.0164504873474,Scientific,HD 210855
1006,25197,5.24,2746.3338026667716,2124.5900858101177,Scientific,*  16 Cam
1007,90200,5.24,1323.5319961898629,195.1719342695232,Scientific,HD 168905
1008,14043,5.24,3022.2243591140923,1834.6852679855604,Scientific,HD  18537
1009,112529,5.24,2836.4739810946144,536.1418344379068,Scientific,*  68 Aqr
1010,7981,5.24,3537.1583508891867,1335.5238922450988,Scientific,* 107 Psc
1011,73909,5.24,1123.0098931461118,1728.2069065828523,Scientific,HD 134190
1012,107128,5.24,2440.2220510887328,461.9052869676556,Scientific,*  41 Cap
1013,103571,5.24,2174.8237193895775,807.7716250634346,Scientific,* eps Equ C
1014,80843,5.24,793.7441070605785,1199.6409634843292,Scientific,* s Her
1015,80620,5.24,569.433629955842,804.1081407524765,Scientific,V* V2105 Oph
1016,950,5.24,3288.0392193531748,356.75571324986,Scientific,* tet Scl
1017,117089,5.24,3176.5220816998412,593.1627007021121,Scientific,* i01 Aqr
1018,79540,5.24,476.2603180462847,756.8168035893742,Scientific,* chi Sco
1019,93903,5.25,1635.0966809161114,1234.1874546505123,Scientific,* iot Lyr
1020,113864,5.25,2348.8622873333807,1657.5148906489928,Scientific,HD 218029
1021,90067,5.25,1328.5544780537448,1029.2548412889043,Scientific,HD 169191
1022,92056,5.25,1839.2820394947855,1715.9923952017994,Scientific,HD 174980
1023,10559,5.25,3408.7568858520026,1573.8474344841734,Scientific,*   7 Tri
1024,88331,5.25,1240.6971901948505,1086.2553131333586,Scientific,*  96 Her
1025,104738,5.25,2252.343595207531,247.77581870130567,Scientific,HD 201772
1026,112031,5.25,2560.9968172585777,1317.2679339044512,Scientific,*  12 Lac
1027,76534,5.25,890.9034060530837,1537.373414586273,Scientific,* phi Boo
1028,51502,5.25,1909.132001209735,1983.7568346506268,Scientific,HD  90089
1029,80161,5.26,1548.018805844698,1750.154757586748,Scientific,HD 148293
1030,76425,5.26,423.9303435994329,1155.5295057784174,Scientific,*  16 Ser
1031,93256,5.26,1555.5601086229651,1112.208374834349,Scientific,HD 176527
1032,108924,5.26,2255.6050119548963,1577.8818250716356,Scientific,*  18 Cep
1033,20266,5.26,2646.9644086784288,2000.7795415892635,Scientific,HD  27022
1034,13165,5.26,3824.79961736384,1473.864853017088,Scientific,* pi. Ari
1035,69068,5.26,932.594186536534,1803.5811084898176,Scientific,*  13 Boo
1036,93203,5.27,1505.6559817444852,950.0929446799872,Scientific,*  11 Aql
1037,109693,5.27,2056.8241527957125,1857.2905285823051,Scientific,HD 212710
1038,15627,5.27,3830.5401167837854,1623.289116405089,Scientific,* tau01 Ari
1039,11738,5.27,4002.2978259403544,1191.8263743422976,Scientific,HD  15694
1040,6999,5.27,3018.469587444027,1616.0663321572797,Scientific,*  49 And
1041,57477,5.27,1212.3013228061302,2118.258208428465,Scientific,HD 102328
1042,109005,5.27,2261.039945151646,1574.2350407386598,Scientific,*  20 Cep
1043,99968,5.27,1951.2867629443651,1267.77949361638,Scientific,HD 193092
1044,83313,5.27,1076.7491735974463,1319.7941554430986,Scientific,* d Her
1045,9727,5.27,2348.1208564459685,1869.9570769541535,Scientific,*  47 Cas
1046,116957,5.27,3165.632126235924,632.7871735278183,Scientific,HD 222643
1047,94834,5.28,1603.320356490346,914.6478012585392,Scientific,* ome01 Aql
1048,74596,5.28,615.9436338349119,1459.483036493653,Scientific,* chi Boo
1049,18453,5.28,3068.2037465927256,1949.52250022818,Scientific,*  43 Per
1050,96957,5.28,1741.4755769125102,908.7434246834116,Scientific,* chi Aql
1051,91014,5.28,1329.7718386806268,344.35687055875536,Scientific,HD 171034
1052,100195,5.28,1942.9025458112935,506.0595172479792,Scientific,* sig Cap
1053,117218,5.28,3187.2572247973208,588.7792362256423,Scientific,* i02 Aqr
1054,7650,5.28,2443.395305125367,1829.4826811084056,Scientific,*  40 Cas
1055,81437,5.28,1328.0049501555263,1608.499939264393,Scientific,HD 150449
1056,60122,5.28,960.7318742287448,2057.4601133562865,Scientific,*   3 CVn
1057,85389,5.28,1029.0475107513091,179.52844060392545,Scientific,HD 157661
1058,98103,5.28,1817.2655165329425,900.2416989941482,Scientific,* phi Aql
1059,11021,5.29,3979.4215587709296,1135.690414652411,Scientific,*  69 Cet
1060,10793,5.29,3513.114473610479,1528.692268246141,Scientific,*  10 Tri
1061,107472,5.29,2398.6838406394427,1061.8331832638853,Scientific,*  12 Peg
1062,983,5.29,3343.277965161064,623.0117942749176,Scientific,HD    787
1063,11486,5.29,3516.9275767324484,1564.3242473659093,Scientific,*  12 Tri
1064,105898,5.29,2219.895594004908,1384.437804328666,Scientific,HD 204411
1065,22287,5.29,2839.2210985249612,2061.738473291951,Scientific,*   4 Cam
1066,69612,5.29,71.33434549739609,1361.9165321082455,Scientific,*  15 Boo
1067,106327,5.29,2356.1611616471064,226.8267804022506,Scientific,* ksi Gru
1068,108991,5.29,2564.851796376982,762.5233797837321,Scientific,*  32 Aqr
1069,9312,5.29,2665.7839910567604,1803.0811066843432,Scientific,HD  11946
1070,117730,5.3,3122.029790950386,1015.08779432246,Scientific,*  82 Peg
1071,107151,5.3,2421.924854181615,837.7541557059145,Scientific,*   7 Peg
1072,99951,5.3,1939.160563195457,1066.9220849964718,Scientific,*  24 Vul
1073,100541,5.3,1966.885188275607,819.081792504279,Scientific,HD 194013
1074,104365,5.3,2239.6712971275147,482.0459496465456,Scientific,* chi Cap
1075,3231,5.3,3016.4615751743954,1451.2486605240576,Scientific,*  32 And
1076,12489,5.3,3604.0143378914454,1568.669700869611,Scientific,*  33 Ari
1077,85084,5.3,899.2894032909803,442.85596882542967,Scientific,*  43 Oph
1078,89773,5.3,1346.4624594177683,1117.9357202426625,Scientific,* 105 Her
1079,114200,5.3,2604.0171518259494,1415.9702359366909,Scientific,*   4 And
1080,21928,5.3,3228.434862979851,2052.465863553434,Scientific,*  59 Per
1081,105942,5.3,2262.8416031740103,1235.3608253192006,Scientific,*  70 Cyg
1082,96808,5.3,1708.864094514253,546.9982413946254,Scientific,* e01 Sgr
1083,116820,5.3,3124.715853699521,387.7557675266605,Scientific,* mu. Scl
1084,16499,5.3,3201.9750162398,1872.6211957739652,Scientific,*  36 Per
1085,98421,5.3,1833.1944645584952,307.4008888226209,Scientific,* tet02 Sgr
1086,103569,5.3,2174.763309960399,807.7554805825023,Scientific,* eps Equ
1087,103511,5.3,2153.4617904633637,1038.620385571623,Scientific,*  33 Vul
1088,85667,5.31,954.3253836719712,825.0693468435702,Scientific,HD 158614
1089,10366,5.31,3008.617990987087,1732.4118907839063,Scientific,*   6 Per
1090,10819,5.31,3103.7808258431937,1714.3696204244975,Scientific,* c And
1091,104974,5.31,2283.368862190178,560.758980860466,Scientific,*  29 Cap
1092,97749,5.32,1793.5533450106725,241.30841697442636,Scientific,V* V3961 Sgr
1093,5518,5.32,2520.026428677202,1775.5927064484113,Scientific,*  31 Cas
1094,103882,5.32,2196.120044971683,257.24974101319833,Scientific,* zet Mic
1095,57111,5.32,1502.7892223799531,2072.2908895429387,Scientific,*   3 Dra
1096,84177,5.32,915.2081037283932,1005.6844315322572,Scientific,*  37 Oph
1097,15770,5.32,3114.494407163483,1866.779090124331,Scientific,HD  20809
1098,99461,5.32,1899.9600311351053,288.80506889713854,Scientific,HD 191408
1099,74649,5.32,265.001882519614,1125.288113462581,Scientific,*   3 Ser
1100,109786,5.33,2635.719310470743,501.0279773537699,Scientific,*  41 Aqr
1101,5131,5.33,3368.9595897995173,1274.0109190476333,Scientific,*  74 Psc A
1102,97421,5.33,1812.0214353557872,28.85934304115048,Scientific,* nu. Tel
1103,90074,5.33,1278.539304561992,297.5747375199519,Scientific,V* V4050 Sgr
1104,116264,5.33,2937.181448662106,1144.4040208241731,Scientific,*  71 Peg
1105,98438,5.33,1844.971679308325,977.5998851054306,Scientific,*  13 Sge
1106,93124,5.33,1513.4431545536836,998.919636959818,Scientific,V* FF Aql
1107,82587,5.34,1019.6320329380844,1308.779102906437,Scientific,*  53 Her
1108,33048,5.34,2425.8541915965197,2239.493913521832,Scientific,*  14 Lyn
1109,96288,5.34,1778.2004435199512,1302.868536957527,Scientific,HD 184875
1110,103127,5.34,2142.4243472710987,241.6067679264821,Scientific,HD 198716
1111,113327,5.34,2543.9104447273157,1434.5662639102409,Scientific,HD 217050
1112,109654,5.34,2476.36418233302,1225.661023859397,Scientific,HD 210889
1113,107788,5.34,2437.691631361412,991.0010961196316,Scientific,*  13 Peg
1114,13490,5.34,3371.486290158783,1718.5337425426949,Scientific,*  20 Per
1115,32489,5.34,2488.6421818879,2255.1074239352547,Scientific,*  13 Lyn
1116,76866,5.34,481.57096569689736,1185.318254827065,Scientific,* chi Ser
1117,110000,5.34,2650.8637256458564,611.5712659636957,Scientific,*  42 Aqr
1118,40215,5.34,2067.48764189011,2176.823464098676,Scientific,*  55 Cam
1119,3951,5.35,2591.6113655116615,1718.0251795391705,Scientific,HD   4775
1120,29246,5.35,2584.3221297338764,2190.4633708902597,Scientific,*  37 Cam
1121,92953,5.35,1491.4581385902668,209.67202554015444,Scientific,HD 175219
1122,75119,5.35,252.56368345402737,1046.4310387778678,Scientific,*   6 Ser
1123,4371,5.35,3592.4054043769156,778.1828115988067,Scientific,* phi03 Cet
1124,116709,5.35,2659.5868719363,1495.854527959613,Scientific,*  18 And
1125,110273,5.35,2666.7228696036136,679.6741338696604,Scientific,* rho Aqr
1126,94385,5.35,1542.5721209238582,663.3926925377325,Scientific,*  20 Aql
1127,79050,5.35,448.7515058987828,526.4696204721694,Scientific,HD 144690
1128,6706,5.35,3487.0295092028796,1285.2020543327374,Scientific,* rho Psc
1129,82802,5.35,890.3922362327555,1134.3510331310367,Scientific,*  54 Her
1130,115355,5.35,2803.0856769637903,1250.218387750884,Scientific,*  64 Peg
1131,86182,5.35,1383.7816921833155,1459.669463070182,Scientific,* y Her
1132,77907,5.35,988.6801086296708,1536.7403703560296,Scientific,*   2 Her
1133,3138,5.36,3257.03827775822,1226.6649104567634,Scientific,*  55 Psc
1134,84821,5.36,1073.0605871606017,1193.7452030154882,Scientific,HD 157087
1135,116889,5.36,3160.8701875380807,594.6678968199706,Scientific,* 103 Aqr
1136,102599,5.36,2029.73959292599,1781.8419231057926,Scientific,HD 199437
1137,3632,5.36,3353.905108932319,1158.3687912903986,Scientific,*  57 Psc
1138,110109,5.36,2544.1202862145733,65.99408090681018,Scientific,HD 211415
1139,21730,5.36,2943.4700977587477,2049.6497518072174,Scientific,*   2 Cam
1140,29490,5.36,2435.8545882890944,2138.0190277683396,Scientific,*  36 Cam
1141,76628,5.36,262.73817897432014,679.3099129210193,Scientific,*  41 Lib
1142,92989,5.36,1474.2753263743816,281.0074266601667,Scientific,V* V686 CrA
1143,110298,5.37,2639.7711536658244,859.0160249782767,Scientific,*  30 Peg
1144,63432,5.37,1403.48478441627,1974.1335362864972,Scientific,*   9 Dra
1145,88380,5.37,1125.0077256261757,476.5588771855797,Scientific,*   7 Sgr
1146,109404,5.37,2589.8646153578743,327.34970845709057,Scientific,HD 210271
1147,29730,5.37,2543.969021439572,2189.7474665450095,Scientific,*  40 Cam
1148,39117,5.37,2078.3686197335633,2105.983920357276,Scientific,HD  64307
1149,92111,5.37,1383.3517920300771,483.0600105937209,Scientific,*  28 Sgr
1150,8230,5.37,3848.156805368898,952.140195048373,Scientific,HD  10824
1151,92112,5.37,1853.630461266432,1731.900412708728,Scientific,*  50 Dra
1152,109592,5.37,2295.526392673039,1552.4666952331038,Scientific,HD 210939
1153,79804,5.37,1353.2621608653444,1670.690409802747,Scientific,V* AT Dra
1154,90763,5.37,1312.874389700283,345.5641415279007,Scientific,HD 170479
1155,60978,5.37,1209.6164774997144,2030.5386840754468,Scientific,*  74 UMa
1156,75178,5.38,707.1816666867903,1487.4367557125197,Scientific,*  50 Boo
1157,84862,5.38,1143.1455952458932,1281.1845812715958,Scientific,* w Her
1158,91013,5.38,1610.6220582021103,1458.1588817993631,Scientific,HD 171779
1159,94712,5.38,1611.7310818095264,171.28012459808076,Scientific,HD 179886
1160,92202,5.38,1394.5995827374322,703.931877589655,Scientific,V* R Sct
1161,97650,5.38,1770.149193505809,616.3286710289347,Scientific,*  51 Aql
1162,62572,5.38,1850.5628097577764,1935.6201540779,Scientific,HD 112028
1163,103732,5.38,2129.8737062375494,1343.9431623148398,Scientific,*  60 Cyg
1164,109521,5.38,2367.752995167498,1428.932715515392,Scientific,HD 210715
1165,105665,5.38,2333.8047852770424,489.13272936890826,Scientific,*  33 Cap
1166,77858,5.38,359.1156705512526,570.8079200890476,Scientific,HD 142165
1167,91217,5.38,1365.962503109731,905.508684469666,Scientific,HD 171802
1168,90642,5.38,1295.983971782083,763.5433608744819,Scientific,* c Ser
1169,100965,5.38,2009.9015117738527,1792.7229947117698,Scientific,*  75 Dra
1170,1960,5.38,2594.0468337476605,1667.6674326811185,Scientific,*  12 Cas
1171,99031,5.38,1899.8781089541983,1212.8177520390725,Scientific,* b01 Cyg
1172,1645,5.38,3289.316965305649,1015.7666989889252,Scientific,* d Psc
1173,2568,5.38,3236.7449729702867,1199.2863346523704,Scientific,*  52 Psc
1174,71618,5.39,845.0662854733491,1698.6763537814527,Scientific,*  33 Boo
1175,39538,5.39,2048.1425122499677,2036.1288312809415,Scientific,HD  64486
1176,105966,5.39,2292.3050688196695,1113.952412975014,Scientific,*  35 Vul
1177,89851,5.39,1222.80445028419,583.4176772030696,Scientific,HD 168415
1178,82764,5.39,912.0126938178852,1168.36569406813,Scientific,HD 152815
1179,114389,5.39,2900.257282482482,951.9443831540692,Scientific,*  58 Peg
1180,78459,5.39,843.406410676584,1413.4812311792953,Scientific,* rho CrB
1181,96302,5.39,1738.4956412687104,1137.422844566751,Scientific,*   9 Cyg
1182,101483,5.39,2028.2120243069724,917.3112185563753,Scientific,* eta Del
1183,18396,5.39,3147.958334340205,1939.1016812715009,Scientific,HD  24504
1184,79195,5.39,486.23864402771926,892.9121384868943,Scientific,HD 145206
1185,93299,5.39,1686.34006385796,1420.3763707082835,Scientific,V* LV Dra
1186,77227,5.39,365.5294213301301,958.2575033253968,Scientific,*  25 Ser
1187,93713,5.4,1720.4015920325212,1453.994458271621,Scientific,*  51 Dra
1188,70602,5.4,276.62026644821356,1457.8227512067942,Scientific,* f Boo
1189,20376,5.4,2765.8833605190084,2008.7510934872828,Scientific,HD  27245
1190,80214,5.4,926.9545491517327,1380.7922509212522,Scientific,* nu.02 CrB
1191,105143,5.4,2296.796103027148,524.9225504594696,Scientific,*  30 Cap
1192,80399,5.4,560.194691526406,456.9025650491579,Scientific,CD-29 12513
1193,65728,5.4,1205.6945969794738,1926.7228982528584,Scientific,HD 117376
1194,93717,5.4,1500.5547756153944,717.5175965821563,Scientific,* h Aql
1195,93526,5.4,1488.821537158319,722.7733537975671,Scientific,* g Aql
1196,91989,5.4,1416.0676025083424,251.8226045065869,Scientific,HD 172991
1197,17854,5.4,2514.9589192426997,1953.679254298521,Scientific,HD  23277
1198,4914,5.4,3605.835744338636,890.150436158276,Scientific,*  25 Cet
1199,98962,5.4,1941.736742887564,1545.5647096209475,Scientific,*  66 Dra
1200,3544,5.41,2758.422591829729,1626.9865583637377,Scientific,HD   4222
1201,83838,5.41,1130.1294237507364,1340.361781889015,Scientific,* c Her
1202,90023,5.41,1354.3391911490755,1100.5089552670968,Scientific,HD 169110
1203,69989,5.41,138.0068203318623,1392.1168157032355,Scientific,*  18 Boo
1204,77859,5.41,357.8195397431047,580.348222834552,Scientific,HD 142184
1205,96693,5.41,1799.073695058128,1306.507815992082,Scientific,*  14 Cyg
1206,77060,5.41,295.16325773794404,734.8211007817077,Scientific,* eta Lib
1207,7450,5.41,3833.843505615462,768.212398038062,Scientific,*  50 Cet
1208,930,5.41,3323.0542293821313,471.08993166617074,Scientific,* kap02 Scl
1209,80693,5.41,613.8704056110141,926.356760134577,Scientific,HD 148513
1210,102177,5.41,2052.466412255306,1395.2046007872823,Scientific,*  51 Cyg
1211,85537,5.41,950.6908654374153,845.9907800560759,Scientific,HD 158352
1212,89772,5.41,1262.5691163839042,893.6124570618562,Scientific,HD 168387
1213,104750,5.41,2265.532270495619,399.9797105653219,Scientific,*   3 PsA
1214,91235,5.41,1483.7122798344255,1219.6986223675876,Scientific,HD 172044
1215,101800,5.42,2050.073207806058,896.3169006782246,Scientific,* iot Del
1216,761,5.42,3309.296233548254,466.62365446039826,Scientific,* kap01 Scl
1217,105972,5.42,2144.6928023602404,1612.2393285362775,Scientific,*   7 Cep
1218,9589,5.42,3889.643327141355,1086.252970497408,Scientific,*  60 Cet
1219,91494,5.42,1401.8610771540737,205.5437658213791,Scientific,V* V718 CrA
1220,80390,5.42,612.3468330585271,327.2713274980327,Scientific,HD 147628
1221,5951,5.42,3666.616584280275,949.6538246766372,Scientific,*  39 Cet
1222,20776,5.42,2234.687399641699,1953.4023205378735,Scientific,HD  26836
1223,8814,5.42,3200.5059400117443,1599.0426586245312,Scientific,*  55 And
1224,2240,5.42,3344.7977253482272,287.75771197752607,Scientific,HD   2490
1225,114273,5.42,2926.6415145561828,847.5072102821825,Scientific,*   5 Psc
1226,11046,5.42,3994.746841830315,1114.6414104506605,Scientific,*  70 Cet
1227,3721,5.42,2362.7008750313657,1802.195575259249,Scientific,*  23 Cas
1228,62223,5.42,824.6205777154362,1986.899686889045,Scientific,V* Y CVn
1229,78246,5.43,387.5961856719371,560.9222610840887,Scientific,V* V913 Sco
1230,78012,5.43,901.3899481888424,1477.2257536360726,Scientific,* lam CrB
1231,12768,5.43,3212.590414221794,1744.1184561758944,Scientific,*  14 Per
1232,113521,5.43,2877.895107619496,823.7732186177201,Scientific,*   2 Psc
1233,112832,5.43,2806.4720828353347,267.81012023494344,Scientific,HD 216149
1234,79387,5.43,476.1958021544447,810.9208123973343,Scientific,*  16 Sco
1235,91237,5.43,1359.0384663652162,873.2627154627447,Scientific,HD 171834
1236,83962,5.43,807.4189836410053,711.8275656819312,Scientific,HD 155078
1237,87728,5.43,1734.6594996043625,1713.2565418263036,Scientific,* psi02 Dra
1238,108661,5.43,2547.4387596873507,398.7800466308289,Scientific,* eta PsA
1239,92614,5.43,1497.701854431965,1054.9013000089706,Scientific,* 112 Her
1240,9372,5.43,3944.8195251898,932.8829580484164,Scientific,V* AR Cet
1241,62423,5.43,1418.6160453792545,1990.1939040320667,Scientific,*   7 Dra
1242,25769,5.43,2593.3458188801237,2106.404618624042,Scientific,*  17 Cam
1243,109472,5.43,2612.962183586857,625.4194906697553,Scientific,* e Aqr
1244,117447,5.43,2514.72916737749,1636.4336182118172,Scientific,*   6 Cas
1245,112731,5.43,2447.098194516441,1516.0518849156963,Scientific,HD 216174
1246,32439,5.44,2144.9578593101005,2020.2369867132272,Scientific,HD  46588
1247,4510,5.44,3233.1984404450013,1355.0576371757563,Scientific,* h Psc
1248,87847,5.44,1098.3724020397524,759.4012021968073,Scientific,HD 163532
1249,24254,5.44,2364.3488466583176,2020.758376529722,Scientific,V* BN Cam
1250,15547,5.44,2339.4422342032035,1922.8164333684936,Scientific,HD  19978
1251,99631,5.44,1907.259345755618,738.4029667528092,Scientific,*  66 Aql
1252,101243,5.44,2012.8182112393652,1380.5253319587264,Scientific,* ome02 Cyg
1253,78893,5.44,1501.029337530559,1753.7536010102494,Scientific,HD 145454
1254,90414,5.44,1362.9980237377365,140.00572119158647,Scientific,HD 169405
1255,113996,5.44,2933.772315567327,710.9423371197792,Scientific,*  83 Aqr
1256,115152,5.44,2619.926473114528,1454.141348790126,Scientific,*  11 And
1257,95503,5.45,1619.859595153704,450.8553525332877,Scientific,* chi03 Sgr
1258,12332,5.45,3704.047351137131,1501.8426154055455,Scientific,* nu. Ari
1259,14376,5.45,3702.113784315077,1620.8532002317104,Scientific,*  52 Ari
1260,113357,5.45,2772.1657549496836,1083.6704363671356,Scientific,*  51 Peg
1261,3083,5.45,2848.784161662172,1558.1363296277752,Scientific,HD   3574
1262,2942,5.45,3064.147345707958,1397.4348692558074,Scientific,HD   3421
1263,77902,5.45,631.5734511354023,1262.0099354040458,Scientific,V* QY Ser
1264,108294,5.45,2503.3040846124163,281.58992196904836,Scientific,HD 208321
1265,109789,5.45,2628.540904954755,411.8864696693468,Scientific,* lam PsA
1266,89507,5.45,1278.5063476274972,195.10769088723737,Scientific,HD 167096
1267,111056,5.45,2152.3120332824465,1775.6800371121456,Scientific,* rho Cep
1268,96556,5.45,1695.0641786031945,698.0010739853703,Scientific,*  42 Aql
1269,94827,5.46,1634.078632413272,1061.8287304063272,Scientific,*   2 Vul
1270,66634,5.46,1012.0077453956316,1883.5016554231863,Scientific,*  82 UMa
1271,96536,5.46,1689.8612645170117,573.3987056841578,Scientific,HD 184985
1272,92308,5.46,1454.8811631258443,197.66721441796895,Scientific,* eta01 CrA
1273,56290,5.46,1385.453033499637,2118.0282239491194,Scientific,HD 100203
1274,95865,5.46,1648.6692449460108,410.6633077531985,Scientific,HD 183275
1275,95073,5.46,1596.9187426009737,752.011095204502,Scientific,* d Aql
1276,98194,5.46,1867.103649437997,1270.659249705781,Scientific,HD 189178
1277,4288,5.46,3295.355284404286,1281.8797875317796,Scientific,*  36 And
1278,75572,5.46,746.4409117767303,1493.930333482341,Scientific,HD 137704
1279,79488,5.46,561.4654567534494,1014.1637957874076,Scientific,*   9 Her
1280,92831,5.46,1611.2201298372886,1310.8667893310076,Scientific,HD 175740
1281,20156,5.46,3068.1388338361057,2001.1026598044168,Scientific,HD  27084
1282,82676,5.46,814.3177273622459,248.1248617210204,Scientific,HD 152234
1283,106787,5.46,2366.140323943209,1011.5646990626412,Scientific,*   5 Peg
1284,78400,5.47,389.4242713317088,698.5518300273704,Scientific,*  49 Lib
1285,103145,5.47,2118.560625645842,1180.1514613613338,Scientific,HD 199101
1286,102014,5.47,2068.4497510601113,322.814549595162,Scientific,HD 196737
1287,72582,5.47,708.4386676070288,1605.1208491765394,Scientific,HD 131111
1288,20982,5.47,2171.6208703192815,1941.6627094500857,Scientific,HD  26659
1289,60044,5.47,1662.21632571074,1991.6140144338976,Scientific,HD 107193
1290,90923,5.47,1448.604663661492,1185.357474060326,Scientific,HD 171301
1291,87747,5.47,1242.3937409373127,1160.490296376368,Scientific,*  89 Her
1292,90913,5.47,1298.6329536739768,589.7528630065123,Scientific,V* V450 Sct
1293,110936,5.47,2680.4021846267865,262.88347445783586,Scientific,* nu. Gru
1294,84720,5.47,995.92900406823,168.90715911819845,Scientific,*  41 Ara
1295,16470,5.47,3148.234236071923,1881.8076468897552,Scientific,HD  21699
1296,13965,5.47,3155.1697252826425,1801.57148034218,Scientific,HD  18474
1297,89290,5.47,1246.5970707962224,235.3923221626556,Scientific,V* V692 CrA
1298,110725,5.47,2235.3674573467556,1679.9327053649,Scientific,HD 213022
1299,4104,5.47,3577.043375909808,566.5192226287809,Scientific,HD   5098
1300,22626,5.47,2651.4969550236788,2050.2403320615413,Scientific,HD  30442
1301,42080,5.47,2002.3954336331053,2220.6219388197155,Scientific,*   2 UMa
1302,79280,5.48,1682.5166743061354,1812.4983030987248,Scientific,*  19 UMi
1303,82135,5.48,752.5001539495488,288.77351349709875,Scientific,HD 151078
1304,103094,5.48,2100.476945546098,1330.287262480406,Scientific,HD 199098
1305,80008,5.48,1007.7550445475516,1455.9948707289664,Scientific,HD 147365
1306,105668,5.48,2333.927903470928,592.1509106174535,Scientific,*  18 Aqr
1307,72664,5.48,1218.486254137006,1786.1870899254511,Scientific,HD 131507
1308,11249,5.48,3855.6327609530895,1305.676134610681,Scientific,* ksi Ari
1309,105767,5.48,2335.089872934325,712.7000270509652,Scientific,*  21 Aqr
1310,82402,5.48,774.680636508277,989.1229522899756,Scientific,* k Her
1311,82960,5.48,768.266671547461,380.06708400447417,Scientific,*  27 Sco
1312,76957,5.48,1138.1988536588333,1649.2540868807946,Scientific,V* BP Boo
1313,102497,5.48,2101.3056274424493,249.14343613226075,Scientific,HD 197630
1314,116611,5.49,2991.8677139330234,1096.2525967180998,Scientific,*  75 Peg
1315,97063,5.49,1725.9809787703125,557.0578000937273,Scientific,HD 186185
1316,117375,5.49,3170.0054359873734,819.5793619324967,Scientific,*  20 Psc
1317,15338,5.49,3251.149693850298,1823.926472523763,Scientific,*  30 Per
1318,91004,5.49,1310.4206020002623,465.87882050279336,Scientific,*  24 Sgr
1319,88836,5.49,1379.901711546922,1279.9511148059853,Scientific,HD 166229
1320,89369,5.49,1190.0093966016484,506.28221381399106,Scientific,*  14 Sgr
1321,79672,5.49,496.9648741241779,808.7641448461718,Scientific,*  18 Sco
1322,14417,5.49,2296.178945499476,1913.1823721089336,Scientific,HD  18438
1323,103401,5.49,2168.5188120124226,628.0791653621925,Scientific,*   7 Aqr
1324,3607,5.49,3541.676790163127,584.5084326603145,Scientific,HD   4398
1325,93667,5.49,1503.5239732799391,362.8155578707672,Scientific,HD 177074
1326,18434,5.49,3507.355014474809,1874.739579644155,Scientific,HD  24640
1327,6732,5.5,3487.9259741777323,1287.0481862709662,Scientific,*  94 Psc
1328,100435,5.5,1965.9562874475748,1063.669086589857,Scientific,*  25 Vul
1329,15861,5.5,3751.382467647347,1675.227101372238,Scientific,*  64 Ari
1330,9570,5.5,3376.188394499821,1542.0017591076612,Scientific,* eps Tri
1331,79199,5.5,497.2524945897766,402.7888260311541,Scientific,HD 144987
1332,66435,5.5,1512.1024701648955,1928.0136821527456,Scientific,HD 118904
1333,4889,5.5,3209.851802952144,1398.657953397798,Scientific,* sig Psc
1334,49005,5.5,1598.8272246928002,2277.437086813742,Scientific,HD  86378
1335,108543,5.5,2516.7645638039885,267.02303004009667,Scientific,HD 208737
1336,89065,5.5,1200.5647817065017,848.0482837411569,Scientific,HD 166460
1337,97077,5.5,1773.204840409563,1087.3050387511275,Scientific,*  10 Vul
1338,105913,5.5,2324.8510988135113,208.5752449399976,Scientific,HD 204018
1339,76106,5.5,225.88298276471977,681.1757472437635,Scientific,HD 138413
1340,4852,5.5,3602.750995294118,446.9347727076403,Scientific,* sig Scl
1341,76133,5.5,299.39534515868843,992.3333749475364,Scientific,*  11 Ser
1342,82480,5.51,743.7059262844072,902.4260698187356,Scientific,*  21 Oph
1343,92549,5.51,1673.511855701693,1455.432365362734,Scientific,HD 175225
1344,107235,5.51,2315.3146767853923,1292.9646521814527,Scientific,HD 206749
1345,97260,5.51,1749.5275773904118,344.54312193434924,Scientific,HD 186500
1346,87308,5.51,1244.455307202032,1207.52101166819,Scientific,HD 162555
1347,94437,5.51,1543.5809610781118,606.5362326657067,Scientific,HD 179497
1348,103527,5.51,2165.9750250241327,891.5337626332248,Scientific,*  18 Del
1349,84835,5.51,1301.1446647904072,1449.3318787303729,Scientific,*  74 Her
1350,113532,5.51,2893.141587243005,405.9501655861775,Scientific,V* WX PsA
1351,99404,5.51,1909.4821467048564,1096.1720658213526,Scientific,*  18 Vul
1352,92630,5.51,1488.5907028356048,158.31734570097848,Scientific,HD 174387
1353,93340,5.51,1721.6740569645715,1484.2461920201326,Scientific,*  49 Dra
1354,98325,5.51,1856.351954387884,1150.3405708227706,Scientific,HD 189395
1355,99518,5.51,1915.593990097648,1094.8019270982377,Scientific,*  19 Vul
1356,98823,5.51,1858.3260664970528,845.6907910251617,Scientific,* tau Aql
1357,73193,5.51,124.4306520800527,1083.5134193634983,Scientific,*   1 Ser
1358,105259,5.51,2157.3980236556554,1506.6412080583575,Scientific,HD 203338
1359,20860,5.51,2160.881145850385,1938.559366143937,Scientific,HD  26356
1360,93225,5.51,1459.873914618932,604.4300189799474,Scientific,HD 176162
1361,75049,5.51,642.4618613158128,1452.182751015264,Scientific,* omi CrB
1362,3675,5.51,3391.77588269583,1110.917352147262,Scientific,*  58 Psc
1363,5346,5.51,3558.6347333142953,1058.6144040292886,Scientific,* e Psc
1364,6748,5.51,3775.5511547925425,794.445791333655,Scientific,*  47 Cet
1365,111062,5.51,2697.9346243340533,847.4543428289967,Scientific,*  37 Peg
1366,67250,5.51,633.009602022594,1778.6958612048113,Scientific,HD 120164
1367,19335,5.52,3421.069723377103,1931.0381770849383,Scientific,*  50 Per
1368,85385,5.52,1058.218984859045,1114.6525381870142,Scientific,HD 158148
1369,13327,5.52,3877.782120324166,1447.6708364403976,Scientific,* sig Ari
1370,51384,5.52,1934.347910008293,1965.739429920459,Scientific,HD  89571
1371,107975,5.52,2409.532201537988,1139.8700732023808,Scientific,*  15 Peg
1372,88816,5.52,1148.6014665108178,572.456922165123,Scientific,HD 165687
1373,112381,5.52,2733.737970978625,164.30222236278712,Scientific,HD 215405
1374,102916,5.52,2128.585211683614,265.8051741847254,Scientific,HD 198357
1375,22854,5.52,2867.8450317910265,2078.5407123228347,Scientific,*   5 Cam
1376,73497,5.52,119.84858768179024,1031.7342854884391,Scientific,HD 132833
1377,110817,5.52,2294.269313575635,1613.0337109649763,Scientific,*  26 Cep
1378,73634,5.52,696.9518679377295,1554.3418563809043,Scientific,HD 133392
1379,109474,5.52,2212.686601954547,1666.345414372537,Scientific,HD 210884
1380,90124,5.52,1280.216989284368,303.3392458499945,Scientific,HD 168838
1381,89020,5.53,1183.0694007080251,383.6804567430814,Scientific,HD 166023
1382,106227,5.53,2183.7223540129453,1532.9772846089518,Scientific,HD 205139
1383,86698,5.53,1051.2000438925672,305.6054983891491,Scientific,HD 160668
1384,113148,5.53,2880.3226508822268,586.0686461740183,Scientific,*  77 Aqr
1385,109745,5.53,2414.274888959689,1363.14223203952,Scientific,HD 211096
1386,93843,5.53,1599.131202175396,1139.145995136565,Scientific,HD 178233
1387,102066,5.53,2059.1194158328917,1164.3657137671296,Scientific,*  49 Cyg
1388,8704,5.53,2882.696807528344,1725.8614838109306,Scientific,*   1 Per
1389,77464,5.53,368.1382212894315,921.577901463272,Scientific,*  30 Ser
1390,69536,5.53,118.64949617497444,1406.9582901986212,Scientific,*  14 Boo
1391,81290,5.53,1270.192658938185,1578.0926941765897,Scientific,*  16 Dra
1392,84551,5.53,880.4249704493205,379.0807260585608,Scientific,HD 156098
1393,110529,5.53,2687.6948759476295,455.32958428626034,Scientific,*  49 Aqr
1394,103981,5.53,2210.2297477944544,678.8237341029525,Scientific,*  12 Aqr
1395,30651,5.53,2583.924305798123,2235.706726549207,Scientific,V* RR Lyn
1396,79980,5.53,536.5625651476815,440.7210082892492,Scientific,HD 146836
1397,78436,5.53,411.78362284577304,829.6505568116522,Scientific,*  50 Lib
1398,107586,5.53,2228.5210616213817,1541.258536702812,Scientific,*  12 Cep
1399,76126,5.53,228.65997510052767,730.4232532514675,Scientific,* zet04 Lib
1400,80460,5.53,991.1002781913176,1420.1448318384855,Scientific,*  25 Her
1401,94982,5.53,1615.312443649596,923.9128597422506,Scientific,*  28 Aql
1402,103598,5.54,2095.963096132567,1513.2769464247026,Scientific,HD 200205
1403,103298,5.54,2148.9339012506775,913.25235468443,Scientific,*  16 Del
1404,60212,5.54,1207.7810911126787,2048.1062814576794,Scientific,*  70 UMa
1405,97765,5.54,1813.646267829901,1075.094682247848,Scientific,HD 187982
1406,75127,5.54,202.79846986068463,939.4662411151212,Scientific,HD 136479
1407,108339,5.54,2489.7750911457324,927.2086908303615,Scientific,*  17 Peg
1408,98234,5.54,1831.7195108540209,968.723197907572,Scientific,*  11 Sge
1409,813,5.54,3211.5875894351743,1041.3389597184505,Scientific,*  34 Psc
1410,84183,5.54,1518.6202098072686,1644.3314770088698,Scientific,HD 156295
1411,7535,5.54,3627.7839577246914,1211.3217908425884,Scientific,* pi. Psc
1412,86019,5.54,954.265450782072,678.506749601665,Scientific,HD 159358
1413,115054,5.54,2948.5605370961107,251.2915861782533,Scientific,* phi Gru
1414,86623,5.54,1105.286437424856,1043.0417505965795,Scientific,HD 160910
1415,78132,5.54,571.746315177799,1176.7505826362492,Scientific,* phi Ser
1416,11432,5.55,3470.1077573889484,1585.9852153960796,Scientific,*  11 Tri
1417,108868,5.55,2564.2394709555815,688.3124501420768,Scientific,*  30 Aqr
1418,81754,5.55,635.683044186278,598.3250208925816,Scientific,HD 150453
1419,40793,5.55,2034.9040109148664,2084.531754297047,Scientific,HD  68375
1420,96014,5.55,1795.3876050042652,1404.4105916921974,Scientific,HD 184293
1421,104177,5.55,2212.4252336980335,222.04869695182364,Scientific,* eta Mic
1422,110778,5.55,2710.8528169749547,564.195088186295,Scientific,*  53 Aqr
1423,3885,5.55,3220.000391133842,1324.6702002285228,Scientific,*  65 Psc
1424,80480,5.55,1761.707124347511,1826.853963101004,Scientific,HD 149681
1425,5132,5.55,3369.1152528538405,1273.9337016199952,Scientific,*  74 Psc B
1426,2661,5.55,3445.942007899087,459.0718857032101,Scientific,HD   3059
1427,108772,5.55,2288.179616648853,1513.6818346537004,Scientific,*  14 Cep
1428,116354,5.55,2769.152791303457,1369.0940779938437,Scientific,*  15 And
1429,103519,5.55,2121.6567451864003,1321.9410367120126,Scientific,HD 199870
1430,113669,5.55,2904.965995089375,415.2241433612884,Scientific,HD 217484
1431,476,5.55,3171.5195665676492,1065.8590710159594,Scientific,*  86 Peg
1432,117299,5.55,2583.5860353449975,1583.0113339531013,Scientific,HD 223173
1433,15696,5.55,3677.31383710265,1699.331455287631,Scientific,*  62 Ari
1434,20234,5.55,3042.26425242181,2004.6011340224088,Scientific,* b02 Per
1435,114831,5.55,2320.0007834264957,1705.5820186612195,Scientific,V* V388 Cep
1436,17203,5.55,3435.1900353170154,1844.802150375207,Scientific,HD  22780
1437,7617,5.55,2798.155808546668,1726.4873954607142,Scientific,HD   9900
1438,71837,5.55,202.3427203713497,1309.179378476157,Scientific,*  32 Boo
1439,84949,5.55,1229.8973416199426,1372.6107040792194,Scientific,V* V819 Her
1440,103005,5.55,2138.7813790396167,681.2371648032039,Scientific,*   5 Aqr
1441,4440,5.56,2680.794109566616,1690.5136109432417,Scientific,HD   5408
1442,115746,5.56,2062.444694718324,1877.3833603669757,Scientific,HD 221525
1443,93051,5.56,1466.446898063325,806.9356560471568,Scientific,*  64 Ser
1444,89482,5.56,1458.6481045980645,1345.4048319233457,Scientific,HD 167965
1445,5566,5.56,2622.3896093921257,1740.9043890745863,Scientific,HD   6960
1446,92882,5.56,1435.875532534023,559.3706725528236,Scientific,HD 175317
1447,75257,5.56,835.079189696915,1559.0897097723314,Scientific,HD 137071
1448,115591,5.56,2810.5021840762147,1260.69281549704,Scientific,*  67 Peg
1449,114822,5.56,2984.993774984329,777.1610568515457,Scientific,HD 219402
1450,86667,5.56,1169.434572541376,1154.9502169342825,Scientific,*  83 Her
1451,83692,5.56,976.4024248731896,1167.138622147363,Scientific,HD 154733
1452,93996,5.56,1513.5024953517382,516.4905574186736,Scientific,HD 178175
1453,115142,5.56,3011.837346751807,758.1697132609911,Scientific,*  96 Aqr
1454,97961,5.56,1825.1949484550096,1065.8963079172925,Scientific,HD 188485
1455,5310,5.56,3388.303853051935,1268.7581478736006,Scientific,* psi02 Psc
1456,115395,5.56,2484.9137897398705,1590.885242864067,Scientific,HD 220369
1457,2941,5.57,3484.5278080212656,539.6311695969054,Scientific,HD   3443
1458,10944,5.57,3040.3934505067355,1739.6653492924486,Scientific,*  63 And
1459,5454,5.57,3410.461907428707,1258.0898245572755,Scientific,* psi03 Psc
1460,108845,5.57,2377.3552285888404,1346.946498243196,Scientific,HD 209515
1461,85749,5.57,975.1206570414886,876.3435563851516,Scientific,HD 158837
1462,53064,5.57,1455.2076188309206,2189.403561171495,Scientific,*  42 UMa
1463,89008,5.57,1388.651238696239,1279.030221962743,Scientific,HD 166640
1464,77163,5.57,420.794250306688,1070.5023674346307,Scientific,HD 140775
1465,7965,5.57,2567.7896345909226,1803.4814916501905,Scientific,*  43 Cas
1466,95564,5.57,1623.418528585812,479.1011873006292,Scientific,*  50 Sgr
1467,5589,5.57,2604.8499447368217,1747.728210241468,Scientific,*  32 Cas
1468,77048,5.57,771.7472366032997,1436.6446912366482,Scientific,* pi. CrB
1469,82925,5.57,728.7587052383859,535.778397173548,Scientific,*  24 Oph
1470,106429,5.57,2353.912904360762,179.2153555332179,Scientific,HD 204960
1471,107517,5.57,2467.987982886052,618.2940014060027,Scientific,* lam Cap
1472,729,5.57,3146.5513767137663,1135.208441232642,Scientific,*  87 Peg
1473,95822,5.57,1673.6506227743344,948.6639222869863,Scientific,HD 183492
1474,102633,5.57,2108.710435182728,828.2794086388874,Scientific,*  13 Del
1475,10535,5.57,3573.5854120567456,1477.4287627837634,Scientific,*  21 Ari
1476,107649,5.57,2425.438657658786,148.29315422060515,Scientific,HD 207129
1477,531,5.57,2517.066060542033,1673.043291230654,Scientific,*  10 Cas
1478,118077,5.57,2635.5057508792825,1574.2294790642443,Scientific,V* V1022 Cas
1479,43903,5.57,1924.4168251301523,2224.7542467580924,Scientific,*   6 UMa
1480,3741,5.57,3553.6640971401603,599.438332545189,Scientific,HD   4622
1481,114622,5.57,2499.228022195889,1549.1996569929784,Scientific,HD 219134
1482,87569,5.58,1101.35260831711,331.34221899574885,Scientific,HD 162587
1483,114924,5.58,2557.1453038922527,1505.8898383500468,Scientific,HD 219623
1484,94624,5.58,1598.3371532101994,960.7501154373792,Scientific,HD 180262
1485,16210,5.58,3098.1249901073484,1882.7378187167085,Scientific,HD  21362
1486,105411,5.58,2268.3801470617686,1063.7014205689422,Scientific,*  34 Vul
1487,100437,5.58,1976.4630697390444,1336.9154285992306,Scientific,HD 194152
1488,70791,5.58,961.8245334212002,1763.3042653218058,Scientific,* g Boo
1489,124,5.58,2557.970431638814,1637.9171993471955,Scientific,HD 224893
1490,92872,5.58,1465.4652602638996,861.1098005575361,Scientific,*  62 Ser
1491,115271,5.58,2810.8522446088728,1231.350135935421,Scientific,*  63 Peg
1492,109737,5.58,2628.7279763724205,446.16920471735136,Scientific,HD 210848
1493,1921,5.58,2764.4929482318025,1566.32514062699,Scientific,HD   1976
1494,92728,5.58,1579.9116081714849,1252.882362631843,Scientific,* del01 Lyr
1495,109352,5.58,2467.975888224964,1205.2064864864867,Scientific,* pi.01 Peg
1496,90260,5.58,1270.9579542218198,377.8997732077654,Scientific,*  18 Sgr
1497,5164,5.58,3645.7343788637554,815.6419459890557,Scientific,*  28 Cet
1498,100108,5.58,1955.5002321802308,1224.5858314599727,Scientific,*  36 Cyg
1499,13702,5.58,3835.452268384531,1503.2108241937954,Scientific,* rho Ari
1500,10732,5.58,3675.905401971938,1418.2820950188338,Scientific,* tet Ari
1501,103530,5.59,2111.4361286417347,1398.5161599912594,Scientific,HD 199955
1502,94986,5.59,1601.4384119196827,302.45361935416327,Scientific,HD 180885
1503,118277,5.59,3245.5941383045333,437.1705378429361,Scientific,V* BU Scl
1504,73841,5.59,976.2416938029372,1676.5070286694677,Scientific,* k Boo
1505,102253,5.59,2040.806220181177,1604.0156918739426,Scientific,*   4 Cep
1506,101716,5.59,2042.1362181332993,1089.3520098506306,Scientific,*  27 Vul
1507,2497,5.59,2769.4676604788247,1584.6848087517865,Scientific,HD   2774
1508,4283,5.59,2164.517162811756,1866.753721311209,Scientific,HD   4853
1509,96178,5.59,1702.885447686823,172.66555435927245,Scientific,V* PW Tel
1510,117683,5.59,3167.225480720628,904.0303184304074,Scientific,*  22 Psc
1511,100261,5.59,1988.4164888807932,1632.4062158762554,Scientific,V* AC Dra
1512,94727,5.59,1582.0059297823857,827.8069766884146,Scientific,*  22 Aql
1513,13665,5.59,2777.6618501121206,1868.369496032406,Scientific,HD  17948
1514,3849,5.59,3559.4545677391948,732.7883937243831,Scientific,HD   4730
1515,9573,5.59,2674.2893373520083,1806.0763235158777,Scientific,*  53 Cas
1516,95077,5.59,1589.5726449813203,472.30774850619326,Scientific,HD 181240
1517,105769,5.59,2221.9265076302836,1356.982823234175,Scientific,HD 204153
1518,92382,5.6,1457.8039219121274,200.86625776853668,Scientific,* eta02 CrA
1519,108691,5.6,2540.393739109898,780.3949826296592,Scientific,*  28 Aqr
1520,82028,5.6,817.0272757480703,1113.0536517673686,Scientific,HD 151203
1521,95560,5.6,1669.718147328334,1020.598774349366,Scientific,*   5 Vul
1522,5626,5.6,2267.6495762803306,1849.6948550429645,Scientific,HD   6798
1523,97757,5.6,1861.1341954800876,1356.8577683746382,Scientific,HD 188209
1524,113281,5.6,2608.567920939876,1347.0448063700435,Scientific,*  16 Lac
1525,84401,5.6,874.7780380071416,366.6391672443269,Scientific,HD 155806
1526,65072,5.6,660.7607350617762,1865.0065645281893,Scientific,*  23 CVn
1527,100469,5.6,1967.1743395797423,212.3667254165352,Scientific,* kap01 Sgr
1528,10723,5.6,3945.002963218791,1148.570132179433,Scientific,HD  14214
1529,104371,5.6,2193.5924034599734,1141.5785436373044,Scientific,HD 201433
1530,17460,5.6,3466.9057125209843,1847.1322356430533,Scientific,HD  23193
1531,6514,5.6,3179.792593608934,1507.0376842036655,Scientific,*  47 And
1532,102635,5.6,2075.728518891426,1363.5602388849356,Scientific,HD 198345
1533,110986,5.6,2677.778436998409,908.5340465856356,Scientific,*  36 Peg
1534,66198,5.6,1078.294020918418,1903.685044008784,Scientific,*  81 UMa
1535,115770,5.6,2346.896288695236,1706.833624490734,Scientific,HD 220974
1536,114254,5.6,2946.585267861305,418.8998098199503,Scientific,HD 218434
1537,97980,5.6,1798.940088437958,757.4482698942437,Scientific,*  58 Aql
1538,9622,5.61,3930.6501883628407,1016.4057545556602,Scientific,HD  12642
1539,78276,5.61,889.838095208031,1456.534875847464,Scientific,HD 143435
1540,15154,5.61,3594.1041679010887,1707.6785778409258,Scientific,HD  20149
1541,85922,5.61,957.6357797901094,756.8562971677636,Scientific,HD 159170
1542,80953,5.61,1137.9967894215065,1504.6137645797612,Scientific,HD 149303
1543,63121,5.61,612.1665112779356,1926.383491480643,Scientific,* alf01 CVn
1544,108693,5.61,2509.548334568571,942.9015986051184,Scientific,*  20 Peg
1545,112864,5.61,2388.625658428205,1586.0504069791923,Scientific,HD 216380
1546,1728,5.61,3399.6492970681657,599.7088191582,Scientific,V* T Cet
1547,87044,5.61,1143.163320082254,1060.5332310553804,Scientific,HD 161833
1548,67384,5.61,449.25030766335186,1709.2613210557197,Scientific,HD 120420
1549,89925,5.61,1389.0206801399188,1185.8567809877447,Scientific,* 108 Her
1550,98863,5.62,1886.610210008177,1165.0589202025803,Scientific,HD 190603
1551,74689,5.62,222.57887583984393,1051.898804591396,Scientific,*   4 Ser
1552,4587,5.62,3608.400836902092,780.1732511166331,Scientific,* phi04 Cet
1553,87777,5.62,1218.8721008682717,1113.783969177825,Scientific,HD 163547
1554,26882,5.62,2505.7722680110464,2105.02725047182,Scientific,HD  37289
1555,7345,5.62,3826.534257539611,761.2801547023183,Scientific,*  49 Cet
1556,91139,5.62,1422.7466396221346,1094.287234227266,Scientific,HD 171745
1557,16489,5.62,2145.8761188360963,1917.4928966955583,Scientific,HD  20084
1558,114132,5.62,2897.164190368428,275.8040138962625,Scientific,* ups Gru
1559,79358,5.62,929.3690702339296,1431.3326995140417,Scientific,HD 145849
1560,110506,5.62,2617.5216370161984,169.94953166978,Scientific,* pi.02 Gru
1561,92969,5.62,1780.9705489767496,1605.0271660047283,Scientific,HD 176598
1562,7943,5.63,3279.277137525093,1517.0547525367654,Scientific,HD  10390
1563,73100,5.63,994.349728243598,1706.4881788886596,Scientific,HD 132254
1564,42438,5.63,1986.39049997462,2221.991124674594,Scientific,* pi.01 UMa
1565,97871,5.63,1788.3725147127716,714.2020511163809,Scientific,V* V1291 Aql
1566,56510,5.63,1219.4778057459043,2144.458104916146,Scientific,HD 100615
1567,77984,5.63,374.1748715573182,539.2625732198358,Scientific,*   4 Sco
1568,93498,5.63,1482.552971930777,445.15740721502794,Scientific,HD 176704
1569,72573,5.63,1813.5762865320792,1889.626717803108,Scientific,HD 133002
1570,93718,5.63,1604.5556232645745,1179.8733486349188,Scientific,HD 177808
1571,100907,5.63,1996.50693843804,1242.5819637795478,Scientific,*  40 Cyg
1572,81007,5.63,667.8169431247306,990.5720590192605,Scientific,* n Her
1573,105576,5.63,2326.2684281663014,465.42049768558206,Scientific,HD 203475
1574,107575,5.63,2456.0175000662266,801.0891895720387,Scientific,*  11 Peg
1575,7825,5.63,3118.0594508846125,1599.215772561177,Scientific,HD  10204
1576,66763,5.63,225.9763990005578,1639.97933488331,Scientific,*   2 Boo
1577,104031,5.63,2205.602760212315,824.2227456385059,Scientific,*   3 Equ
1578,83635,5.63,812.9540639933361,854.7784909821669,Scientific,HD 154445
1579,79007,5.63,574.9210116145334,1094.0170624903576,Scientific,*  45 Ser
1580,116355,5.63,2841.2891445993255,1285.946787427039,Scientific,*  73 Peg
1581,85715,5.63,1174.0637443525998,1252.322836818735,Scientific,HD 158974
1582,90541,5.63,1320.1291810497155,264.41385464240915,Scientific,HD 169853
1583,36528,5.63,2186.91332602492,2165.233940774831,Scientific,HD  58425
1584,40646,5.63,2073.3831246194745,2290.951297368849,Scientific,*  29 Lyn
1585,8362,5.63,2673.428136359998,1782.8547472336272,Scientific,HD  10780
1586,90687,5.63,1283.7566258815414,539.0374356331952,Scientific,HD 170433
1587,5081,5.64,3446.941471872431,1185.0171727853635,Scientific,*  72 Psc
1588,92768,5.64,1535.9659311984226,1137.0070787198567,Scientific,HD 175443
1589,90313,5.64,1301.721231368208,898.8730435810652,Scientific,HD 169689
1590,63916,5.64,805.2646276667107,1931.1765214821596,Scientific,HD 113847
1591,22545,5.64,3057.8831470041146,2077.8446421723347,Scientific,HD  30557
1592,75730,5.64,201.64173647646385,739.6584527761362,Scientific,* zet01 Lib
1593,3572,5.64,2357.7812556420654,1801.823521295584,Scientific,*  21 Cas
1594,9621,5.64,3518.458368564656,1458.0467150939464,Scientific,*  10 Ari
1595,10212,5.64,3828.029047946595,1239.6111713007515,Scientific,*  64 Cet
1596,111068,5.64,2566.060987420254,1211.801811879952,Scientific,*  38 Peg
1597,12153,5.64,3872.453531378808,1365.812113299238,Scientific,*  31 Ari
1598,104642,5.64,2130.6800920292444,1522.3383238169208,Scientific,HD 202214
1599,100591,5.64,1975.2535965228624,207.57912625870415,Scientific,* kap02 Sgr
1600,73369,5.64,771.7451380164812,1604.6381736405428,Scientific,*  40 Boo
1601,24914,5.64,2623.707163521317,2094.9487379934376,Scientific,HD  34255
1602,96807,5.64,1715.7084669167093,749.1272187149797,Scientific,*  45 Aql
1603,81972,5.64,754.1737445528122,266.232816918092,Scientific,HD 150742
1604,96406,5.64,1683.6083038679574,438.939892562977,Scientific,* h01 Sgr
1605,105854,5.64,2330.617284174556,269.69464654725454,Scientific,HD 203949
1606,108699,5.65,2523.6516910717846,879.9464462443254,Scientific,*  19 Peg
1607,99747,5.65,1931.9159306188,79.24993195006786,Scientific,HD 191829
1608,75043,5.65,1086.4921584450508,1683.19104389265,Scientific,HD 136729
1609,115312,5.65,3027.790087271766,451.62038679602,Scientific,HD 220096
1610,85290,5.65,1504.6879830885305,1601.9713630652363,Scientific,HD 158460
1611,10305,5.65,3962.755788830557,1066.2158904963865,Scientific,*  66 Cet
1612,90647,5.65,1854.8337896668563,1761.736737007616,Scientific,HD 172340
1613,98470,5.65,1835.1087822542224,320.14747681119957,Scientific,HD 189245
1614,17932,5.65,3231.493428070382,1912.3546695443051,Scientific,HD  23838
1615,94620,5.65,1615.8840800696828,1039.9190842257765,Scientific,*   1 Sge
1616,94720,5.65,1602.9763955317767,953.296369281364,Scientific,HD 180555
1617,76519,5.65,1502.8160066116316,1793.2642466052232,Scientific,HD 140227
1618,85912,5.65,1084.4607890222774,1096.1232562804817,Scientific,HD 159332
1619,96496,5.66,1686.9376391481255,522.7118216374514,Scientific,HD 184835
1620,53043,5.66,1396.5447527341944,2210.918546518113,Scientific,*  43 UMa
1621,101345,5.66,2020.980236553804,624.4429344716625,Scientific,HD 195564
1622,85790,5.66,1152.468754606934,1216.347441695444,Scientific,*  78 Her
1623,17584,5.66,3212.359285703621,1905.038846521832,Scientific,HD  23300
1624,102949,5.66,2112.6070355963498,1113.4422546125331,Scientific,V* T Vul
1625,111809,5.66,2760.8729900800804,348.0777700330785,Scientific,V* VZ PsA
1626,84150,5.66,895.4102346412303,277.93036250333165,Scientific,HD 155259
1627,21823,5.66,3087.9189811297865,2053.548490760661,Scientific,HD  29526
1628,95619,5.66,1634.401812495601,375.3341096354404,Scientific,HD 182681
1629,80793,5.66,564.8844493940376,694.5313863038945,Scientific,HD 148604
1630,116591,5.66,3134.98764015136,662.9488527303064,Scientific,HD 222093
1631,107144,5.66,2428.832197291335,780.8908847398388,Scientific,*  26 Aqr
1632,106856,5.66,2400.407210298476,837.4607580653109,Scientific,*   4 Peg
1633,1288,5.66,3334.5221419608865,417.13862784738694,Scientific,HD   1187
1634,113562,5.66,2905.656523659371,466.1554692137776,Scientific,HD 217303
1635,9990,5.66,2825.9554879099855,1776.758750831577,Scientific,HD  12953
1636,3478,5.66,2888.622618686936,1549.9336666519234,Scientific,*  68 Cas
1637,24109,5.67,3065.24230527912,2128.6387914323604,Scientific,HD  33167
1638,655,5.67,3276.5510921949863,379.9019677573417,Scientific,HD    344
1639,74087,5.67,544.9320824817985,1438.850626130419,Scientific,* b Boo
1640,92997,5.67,1724.7707671027465,1512.968004179297,Scientific,*  48 Dra
1641,79399,5.67,481.5229849221731,487.7820743814523,Scientific,*  12 Sco
1642,105703,5.67,2280.619593477342,1094.5257128263888,Scientific,HD 203925
1643,98844,5.67,1855.1527878967652,743.2551303809423,Scientific,*  62 Aql
1644,5493,5.67,3062.3698752622468,1530.019564534971,Scientific,*  44 And
1645,89000,5.67,1195.470686245122,845.9383445479905,Scientific,HD 166285
1646,90968,5.67,1346.854011575702,267.0356829839985,Scientific,* kap02 CrA
1647,80309,5.67,1402.8873739550336,1681.4273305107504,Scientific,HD 148374
1648,96516,5.67,1720.5069827871907,969.9051982344312,Scientific,* eps Sge
1649,101899,5.68,2050.22793717269,1138.9981382642025,Scientific,HD 196852
1650,114449,5.68,2859.5124244822396,1055.2550364275696,Scientific,HD 218792
1651,103312,5.68,2106.8840734392106,1359.2191239888996,Scientific,HD 199478
1652,97634,5.68,1839.4807542396568,1275.103573897254,Scientific,V* V380 Cyg
1653,92747,5.68,1428.57675393908,493.9998432358972,Scientific,*  33 Sgr
1654,60795,5.68,1138.3165379857346,2037.8718021867512,Scientific,*  73 UMa
1655,114365,5.68,2463.083180103505,1571.4944850464094,Scientific,*   2 Cas
1656,113657,5.68,2778.372490708251,104.43279138170766,Scientific,HD 217403
1657,114210,5.68,2573.546519060058,1451.2250520200903,Scientific,*   5 And
1658,74896,5.68,486.5124362076658,1342.2355666759097,Scientific,HD 136138
1659,112542,5.68,2837.241546196726,611.9931014152883,Scientific,* tau01 Aqr
1660,116495,5.68,3083.916170784306,874.7286736518474,Scientific,*  16 Psc
1661,102155,5.68,2057.5729826222646,1284.843888602667,Scientific,HD 197392
1662,379,5.68,2461.7122925239196,1701.1826012850752,Scientific,HD 225216
1663,84691,5.68,1098.2534380179973,1237.4860087378283,Scientific,HD 156874
1664,100754,5.68,1983.7921578092032,1024.647235539725,Scientific,HD 194577
1665,85930,5.68,1064.8295486944933,1057.0834177470963,Scientific,HD 159353
1666,67231,5.68,1053.844305532566,1875.3763926813133,Scientific,*  84 UMa
1667,98375,5.68,1847.2923015037184,1049.313580638545,Scientific,*  14 Vul
1668,10155,5.68,3656.212919088936,1393.425199002576,Scientific,*  15 Ari
1669,91883,5.68,1507.596622564174,1195.010621211515,Scientific,HD 173417
1670,72154,5.68,73.89913928536325,1126.9661621407113,Scientific,* 108 Vir
1671,72524,5.68,962.8860899913394,1712.1006997484203,Scientific,*  39 Boo
1672,105497,5.68,2200.01115541168,1390.01052751747,Scientific,HD 203644
1673,108060,5.69,2448.58334646071,1023.4011964807066,Scientific,HD 208108
1674,93393,5.69,1563.3731045102138,1112.120127613332,Scientific,HD 176871
1675,86011,5.69,982.7324592279734,372.0455497384279,Scientific,HD 159176
1676,88122,5.69,1430.2911830136036,1400.2044098082724,Scientific,HD 164646
1677,9021,5.69,3278.6529208909074,1569.3671300471804,Scientific,*  56 And
1678,87158,5.69,1168.909423045105,1096.7135743836177,Scientific,HD 162076
1679,19968,5.69,2740.3769669432927,1999.5782071941865,Scientific,HD  26670
1680,100357,5.69,1986.4793159925875,1569.6674177701072,Scientific,HD 194298
1681,92937,5.69,1504.737756747492,1009.7742980474712,Scientific,HD 175743
1682,84950,5.69,1400.5680969214832,1531.1894444438126,Scientific,HD 157681
1683,4675,5.69,2986.630189562231,1540.7834941501446,Scientific,HD   5789
1684,107253,5.69,2328.9662587287607,1256.5867678793677,Scientific,*  79 Cyg
1685,83254,5.69,956.597382667924,1181.6484362280987,Scientific,HD 153834
1686,79072,5.69,566.5220134301329,1073.1483034766943,Scientific,*  47 Ser
1687,98633,5.69,1837.3466443140587,577.7143124010676,Scientific,*  63 Sgr
1688,104148,5.69,2220.826576795941,366.867146231008,Scientific,* del Mic
1689,109056,5.69,2471.7200227379567,1149.2966312679005,Scientific,*  23 Peg
1690,7251,5.69,2783.415229741314,1722.3753539865547,Scientific,HD   9353
1691,90662,5.69,1372.9114289674474,151.966598039081,Scientific,HD 170069
1692,2548,5.69,3360.81334490721,1016.2885628529596,Scientific,*  51 Psc
1693,101882,5.69,2054.6720095354312,921.1561476261556,Scientific,* tet Del
1694,33827,5.69,2235.184186251853,2123.8688204076416,Scientific,HD  50885
1695,103675,5.69,2168.460192534658,1000.6384013394438,Scientific,HD 200044
1696,99500,5.7,1958.4709969908183,1545.9942520911686,Scientific,*  68 Dra
1697,85157,5.7,1068.7151980438891,1155.5125344803018,Scientific,*  73 Her
1698,107930,5.7,2271.9482193256954,1481.7479593886428,Scientific,HD 208095
1699,5833,5.7,3646.3496408772626,970.2713766166632,Scientific,*  38 Cet
1700,97966,5.7,1793.9974282926996,648.2656799600636,Scientific,*  57 Aql A
1701,103389,5.7,2167.6509295189344,415.16380214358503,Scientific,HD 199260
1702,95823,5.7,1676.1565189649102,196.6754920838191,Scientific,HD 183007
1703,67848,5.7,1036.727568606195,1857.6401760222973,Scientific,*  86 UMa
1704,9222,5.7,3028.1822285264243,1688.6678435456083,Scientific,*   3 Per
1705,111242,5.7,2185.448384471042,1746.318406986989,Scientific,HD 214035
1706,106559,5.7,2398.4824236304416,501.46798428309864,Scientific,*  37 Cap
1707,95690,5.7,1706.8401291661978,55.15856841990823,Scientific,HD 182509
1708,194,5.7,3191.314817759898,994.3946960654104,Scientific,* c Psc
1709,8714,5.7,2981.5931142114114,1690.4400800067642,Scientific,*   2 Per
1710,3717,5.7,3554.0498408458466,658.5890020086505,Scientific,HD   4585
1711,117567,5.7,3213.063738012431,655.2042483364547,Scientific,HD 223559
1712,105652,5.7,2282.2493169741483,1069.9921227625364,Scientific,HD 203803
1713,99841,5.7,1938.9147694830815,1182.9914179597731,Scientific,HD 192787
1714,5296,5.71,3655.184481070262,819.0614127876105,Scientific,*  30 Cet
1715,73536,5.71,146.23462930540364,1074.240322256043,Scientific,*   2 Ser
1716,67787,5.71,151.6798816081885,1542.2924650045898,Scientific,*   7 Boo
1717,90842,5.71,1361.681084801,202.28907267097375,Scientific,HD 170521
1718,90096,5.71,1242.775448822281,633.3076173448484,Scientific,HD 169033
1719,95557,5.71,1621.0118053797858,566.4935449337045,Scientific,HD 182645
1720,108102,5.71,2507.3550733006514,713.6083970640077,Scientific,HD 208111
1721,77336,5.71,522.0033607802911,1192.032766931938,Scientific,* ups Ser
1722,90497,5.71,1308.486869558173,872.9633849920244,Scientific,HD 170200
1723,1086,5.71,2899.831248798719,1428.1343266565536,Scientific,*  23 And
1724,98085,5.71,1822.1322919800796,967.1009770296685,Scientific,*  10 Sge
1725,105761,5.71,2338.9137387892806,632.8051073074714,Scientific,*  19 Aqr
1726,88964,5.71,1196.5718868546635,857.8754401057627,Scientific,*  73 Oph
1727,96258,5.71,1809.889721381788,1415.2409413148157,Scientific,HD 184960
1728,100221,5.71,1980.711783072607,1547.7045895766682,Scientific,*  71 Dra
1729,47594,5.72,1819.6502059461848,2151.437882427652,Scientific,HD  83489
1730,85888,5.72,1286.9795549269827,1375.0154513217285,Scientific,HD 159501
1731,113307,5.72,2781.6838419620885,145.86225154897642,Scientific,* tau03 Gru
1732,111974,5.72,2719.666771832136,988.265644534594,Scientific,HD 214850
1733,19983,5.72,2850.4058436718296,2002.082953055111,Scientific,HD  26755
1734,59746,5.72,1541.5540550298415,2018.1060424080968,Scientific,HD 106574
1735,109831,5.72,2434.227606542393,1332.4677928035508,Scientific,HD 211211
1736,66417,5.72,269.32812703568663,1677.8425135680743,Scientific,HD 118508
1737,2353,5.72,3415.5256852758966,854.3422249519494,Scientific,*  12 Cet
1738,95485,5.72,1616.1564235911396,581.7322893466006,Scientific,HD 182477
1739,16168,5.72,3527.5059407167523,1777.1515472882857,Scientific,HD  21402
1740,75352,5.72,186.21927483905623,822.822242325133,Scientific,HD 136956
1741,72012,5.72,763.6720902154127,1652.074479772146,Scientific,HD 129846
1742,12072,5.72,3365.5688713299232,1662.9572014348655,Scientific,HD  16028
1743,79666,5.72,706.0511316655218,1203.104249101704,Scientific,*  16 Her
1744,113184,5.72,2869.314767386008,740.106347155408,Scientific,HD 216718
1745,43644,5.72,1926.1256790397904,2258.929931247045,Scientific,* b UMa
1746,1982,5.72,2749.460854418829,1578.3539279707145,Scientific,HD   2054
1747,10328,5.72,3735.242699915101,1342.0497857869857,Scientific,*  19 Ari
1748,73166,5.72,338.00527487103324,1336.6313560791384,Scientific,HD 132146
1749,88636,5.72,1337.163512619312,1229.3147397075886,Scientific,HD 165683
1750,75260,5.72,1348.386100352045,1769.1404601564952,Scientific,HD 137443
1751,111362,5.72,2392.662597668905,1513.9053820607523,Scientific,HD 213930
1752,104978,5.73,2238.045040243389,69.39349789354152,Scientific,HD 202103
1753,86731,5.73,1171.8255893928315,1150.9316675694338,Scientific,*  84 Her
1754,98767,5.73,1878.772634627955,1135.506024856959,Scientific,HD 190360
1755,77986,5.73,980.879413839636,1529.0310701295298,Scientific,*   4 Her
1756,40772,5.73,2060.6890962285656,2253.701522357469,Scientific,*  57 Cam
1757,98754,5.73,1862.0531780846136,957.9649578713138,Scientific,*  14 Sge
1758,78661,5.73,1697.9471445253146,1823.6851036732803,Scientific,HD 145622
1759,91973,5.73,1545.0071446158202,1266.4052560415355,Scientific,* zet02 Lyr
1760,106654,5.73,2403.1859754853567,422.6735367676918,Scientific,*   8 PsA
1761,107162,5.73,2312.632820016369,1291.6595267310722,Scientific,*  77 Cyg
1762,100859,5.73,1996.969740404463,1382.657823140078,Scientific,*  43 Cyg
1763,111546,5.73,2542.7009221264557,1305.4588741930372,Scientific,*   8 Lac A
1764,99825,5.73,1919.742600450563,404.8599051544674,Scientific,HD 192310
1765,55797,5.73,1271.4555152559196,2156.600485526239,Scientific,HD  99283
1766,93552,5.73,1514.826626308929,267.80022627226595,Scientific,V* V701 CrA
1767,95656,5.73,1790.5164817066136,1431.2705370438146,Scientific,* iot01 Cyg
1768,113222,5.73,2651.210521073688,1280.947461430023,Scientific,HD 216831
1769,82422,5.73,987.6633133289778,1288.4382226053183,Scientific,*  50 Her
1770,79349,5.74,745.6304381977233,1271.7584305021528,Scientific,*  10 Her
1771,75974,5.74,1377.957777515925,1764.949384504347,Scientific,HD 138852
1772,84769,5.74,1824.522971466288,1813.356320466689,Scientific,HD 158996
1773,83196,5.74,752.7215018433882,505.21360117188806,Scientific,*  26 Oph
1774,3765,5.74,3458.018120857822,1018.0741297710648,Scientific,HD   4628
1775,88136,5.74,1856.499707195189,1798.2379339068266,Scientific,*  41 Dra
1776,117314,5.74,3190.5033759532876,688.25198430961,Scientific,HD 223170
1777,81734,5.74,689.5469583383727,915.034708730514,Scientific,*  14 Oph
1778,86313,5.74,974.831366453754,680.110166623735,Scientific,HD 160018
1779,106886,5.74,2221.9847019922477,1498.025095238184,Scientific,HD 206267
1780,91315,5.74,1711.2361232779674,1580.3996794494292,Scientific,HD 172728
1781,52338,5.74,1661.8399984497955,2120.853138011455,Scientific,HD  92354
1782,71280,5.74,957.3292162105818,1747.4631766562427,Scientific,V* CH Boo
1783,88038,5.74,1142.426931172138,301.7115938917769,Scientific,HD 163652
1784,50448,5.74,1665.3496730205018,2173.675463157248,Scientific,*  32 UMa
1785,26344,5.74,2792.1315468135767,2163.280657154061,Scientific,HD  36678
1786,71111,5.74,1104.031683747589,1793.183522120556,Scientific,HD 128000
1787,71568,5.74,826.271804312813,1693.4828530974935,Scientific,HD 128902
1788,108165,5.74,2275.809096878881,1493.1679903435272,Scientific,*  13 Cep
1789,90991,5.74,1304.2232305539765,589.4435896648621,Scientific,HD 171130
1790,14677,5.74,3620.740509863108,1675.3022069680762,Scientific,*  55 Ari
1791,65595,5.74,1714.6481615006926,1931.9406497372684,Scientific,HD 117566
1792,109209,5.74,2521.795016555019,1028.6336681424302,Scientific,HD 210074
1793,17342,5.74,2816.69898713653,1941.5636484511256,Scientific,HD  22764
1794,88684,5.74,1152.361168342008,742.8700755357087,Scientific,HD 165438
1795,12640,5.74,3753.3671110477503,1487.1025719407812,Scientific,* mu. Ari
1796,1354,5.74,2584.155345921887,1656.5057194778378,Scientific,HD   1239
1797,86782,5.75,1469.7379142302443,1514.1913294374256,Scientific,HD 161693
1798,104516,5.75,2145.303868664976,1440.2357498562524,Scientific,HD 201834
1799,79005,5.75,437.78217844641625,750.6841323029734,Scientific,*  11 Sco
1800,80375,5.75,1282.5224737298752,1617.1731032721443,Scientific,V* DQ Dra
1801,22936,5.75,2931.823337204682,2085.224538679684,Scientific,HD  31134
1802,106003,5.75,2281.4839593605675,1173.1674548634553,Scientific,HD 204485
1803,31940,5.75,2173.8117439072394,2035.5160126899543,Scientific,HD  45866
1804,7916,5.75,3854.6056856861696,848.8240732067791,Scientific,HD  10453
1805,10718,5.75,2848.119442206263,1788.4007323500753,Scientific,*   8 Per
1806,115755,5.75,2711.3149031944463,1393.2611392516037,Scientific,*  13 And
1807,105282,5.75,2190.3352474080607,1390.8470448883018,Scientific,HD 203245
1808,85185,5.75,1018.0219328799888,1067.5606656215853,Scientific,HD 157740
1809,102092,5.75,2074.979659854746,346.3222358744688,Scientific,HD 196917
1810,7276,5.75,3788.6968892242344,907.4165253199694,Scientific,HD   9562
1811,102208,5.75,2022.242095457024,1807.0087677081185,Scientific,*  76 Dra
1812,110103,5.75,2294.441304906309,1580.4919660614112,Scientific,*  25 Cep
1813,109023,5.75,2480.2499285497493,1119.7548719099266,Scientific,HD 209761
1814,97473,5.75,1775.64821726393,906.972077351742,Scientific,* pi. Aql
1815,63024,5.75,866.3487909758926,1966.3237070440405,Scientific,V* TU CVn
1816,110023,5.75,2644.9853418815555,710.164631147212,Scientific,*  44 Aqr
1817,97928,5.76,1790.9485647914282,643.8905439456714,Scientific,*  56 Aql
1818,12692,5.76,2939.5300452556285,1815.2907066389723,Scientific,*  11 Per
1819,110602,5.76,2697.2319788396026,606.0665255556291,Scientific,*  50 Aqr
1820,86254,5.76,1143.8030271657103,1157.1851679256586,Scientific,*  79 Her
1821,68276,5.76,247.19558842776493,1573.1187791797608,Scientific,*  10 Boo
1822,89968,5.76,1230.753474617753,541.625176949785,Scientific,V* Y Sgr
1823,72487,5.76,902.0522040525768,1690.9834569867212,Scientific,* h Boo
1824,8993,5.76,3533.5971540851683,1409.695972745144,Scientific,*   7 Ari
1825,80898,5.76,815.8080518478226,1221.1239692224258,Scientific,HD 149009
1826,87836,5.76,1096.4019813469026,426.6013319652675,Scientific,HD 163318
1827,113503,5.76,2831.862616039751,966.9928291260956,Scientific,*  52 Peg
1828,84690,5.76,970.041126687977,206.5031283640339,Scientific,HD 156293
1829,13654,5.76,3827.3370006553178,1505.375448379972,Scientific,* rho02 Ari
1830,103673,5.76,2165.0875109472368,94.80379046937044,Scientific,HD 199623
1831,91322,5.76,1345.9297366380415,780.7493253949264,Scientific,* e Ser
1832,117756,5.76,3217.7521206848232,735.8608120463484,Scientific,* h Aqr
1833,97816,5.76,1829.866247414044,46.8136367031117,Scientific,HD 187420
1834,83367,5.76,991.32513438154,1216.9822915857922,Scientific,HD 154084
1835,90762,5.76,1367.64860292128,1011.187635344228,Scientific,HD 170878
1836,109620,5.76,2275.623457496718,1583.691631727907,Scientific,HD 211029
1837,105696,5.76,2313.577955838603,228.31963051030232,Scientific,* tet02 Mic
1838,18212,5.76,3127.110586035081,1936.1304449570985,Scientific,HD  24240
1839,95572,5.76,1654.0207765212544,929.5489708405828,Scientific,HD 182900
1840,100097,5.76,1970.522576743196,1460.0072244627415,Scientific,HD 193592A
1841,110785,5.76,2678.9600159154797,844.7062435730674,Scientific,*  34 Peg
1842,76568,5.76,1016.0397330871956,1603.3053381730165,Scientific,HD 139798
1843,96141,5.76,1727.1095661363852,69.93637037302949,Scientific,HD 183552
1844,117628,5.77,3126.3522863571975,991.249587066774,Scientific,*  80 Peg
1845,76376,5.77,1172.517457645203,1680.6851203081678,Scientific,HD 139493
1846,117491,5.77,3162.3538854314424,875.1941200928021,Scientific,*  21 Psc
1847,2006,5.77,3357.8822048460393,934.0982499115778,Scientific,*  44 Psc
1848,115280,5.77,2737.6894162704484,1328.6609761628924,Scientific,*  12 And
1849,90804,5.77,1293.052991174859,644.9812345968033,Scientific,HD 170740
1850,85139,5.77,965.8362180185244,968.2319689459584,Scientific,HD 157617
1851,5361,5.77,2744.426627422619,1686.92135842741,Scientific,HD   6676
1852,81641,5.77,702.249838450103,960.1168349045204,Scientific,*  37 Her
1853,64692,5.77,679.7385711876434,1882.849833594124,Scientific,*  19 CVn
1854,114775,5.77,2929.0571827587455,246.4221123259775,Scientific,HD 219263
1855,106393,5.77,2237.4983925480574,1400.9647779420152,Scientific,HD 205314
1856,81300,5.77,641.0550623416805,871.3291226738874,Scientific,*  12 Oph
1857,1191,5.77,3348.476912319051,751.7149326462836,Scientific,HD   1064
1858,87558,5.77,1112.821109099874,900.4014313255769,Scientific,HD 162917
1859,106897,5.77,2370.219635887423,1024.2492749023177,Scientific,V* NZ Peg
1860,47013,5.77,1866.77283426743,2119.1406746617417,Scientific,*  22 UMa
1861,104185,5.77,2181.4968730829355,1153.6146047625864,Scientific,V* DT Cyg
1862,18081,5.78,3526.724053696062,1854.9897621148689,Scientific,HD  24131
1863,101475,5.78,2022.9542122207135,1348.2118600931003,Scientific,V* V2015 Cyg
1864,14893,5.78,3668.9282473548506,1664.1516557767152,Scientific,*  56 Ari
1865,8433,5.78,3346.7805268467387,1502.7549459233803,Scientific,HD  11007
1866,105928,5.78,2352.313471303106,485.31621070962734,Scientific,*  35 Cap
1867,72208,5.78,274.6222288255904,1347.6626492291757,Scientific,V* EK Boo
1868,15876,5.78,3530.6974629887254,1763.141234681199,Scientific,HD  20995
1869,82775,5.78,813.404701930452,258.10260870892387,Scientific,HD 152408
1870,91405,5.78,1337.4765003208431,471.1538954609348,Scientific,HD 171961
1871,93845,5.78,1581.9912346580202,1083.0135653983327,Scientific,HD 178187
1872,103226,5.78,2156.842144115653,522.3764044938004,Scientific,*  19 Cap
1873,109471,5.78,2566.6764572058546,928.9854370224222,Scientific,HD 210502
1874,117887,5.78,3196.8970701590824,867.8854098658996,Scientific,V* XZ Psc
1875,12803,5.78,3850.1825352380774,1430.0062989661203,Scientific,* omi Ari
1876,107887,5.78,2437.3075868805427,1024.396647514029,Scientific,HD 207840
1877,86552,5.78,1114.8469781380024,161.68021479486262,Scientific,HD 160263
1878,8046,5.78,2746.2476145779483,1753.7211545690648,Scientific,*  44 Cas
1879,85699,5.78,1956.0139642943752,1874.7189936881623,Scientific,*  24 UMi
1880,2876,5.78,2644.3860005224783,1665.923537591384,Scientific,HD   3283
1881,343,5.78,3296.3928784974623,636.7337804472274,Scientific,HD 225197
1882,58952,5.78,1716.3928199687873,1991.7487476962635,Scientific,HD 104985
1883,39221,5.78,2148.3151802751113,2293.362723997021,Scientific,HD  65301
1884,1657,5.79,3035.537142483478,1341.093403067828,Scientific,HD   1632
1885,113048,5.79,2569.567886758061,1383.5275374149624,Scientific,HD 216608
1886,80672,5.79,629.9375895410977,331.9380830748378,Scientific,HD 148247
1887,95793,5.79,1649.9242490121323,785.8005432577629,Scientific,* c Aql
1888,94434,5.79,1548.1517522430531,428.32579562765005,Scientific,HD 179323
1889,97985,5.79,1849.6552317738197,1228.0625581173326,Scientific,HD 188650
1890,17585,5.79,2616.3460863623077,1951.841543048159,Scientific,HD  23005
1891,102026,5.79,2070.587957500056,544.4016572795242,Scientific,HD 196857
1892,109240,5.79,2514.7822487595813,1057.5349357166626,Scientific,*  25 Peg
1893,113902,5.79,2865.92019704407,238.42320289908545,Scientific,HD 217842
1894,78649,5.79,904.032991465345,1448.5676182138263,Scientific,HD 144208
1895,108758,5.79,2322.165780918526,1449.749390528605,Scientific,HD 209419
1896,110992,5.79,2596.7020914593813,1137.0180235999396,Scientific,HD 213179
1897,88817,5.79,1301.9079054323486,1149.167759041156,Scientific,* 100 Her B
1898,16591,5.79,3369.383577713509,1838.8580663879695,Scientific,V* IW Per
1899,12114,5.79,3958.8106949913063,1279.5188623609006,Scientific,HD  16160
1900,106592,5.79,2394.9440714944194,710.2519788747583,Scientific,HD 205423
1901,91118,5.79,1395.1790182920035,1024.7000572350164,Scientific,HD 171623
1902,110578,5.79,2685.6233063939803,721.3734308651523,Scientific,*  51 Aqr
1903,76532,5.79,260.7662962807134,612.9110329870141,Scientific,HD 139254
1904,15192,5.79,2898.8649298138344,1885.798556216739,Scientific,HD  20041
1905,10540,5.79,3559.688496245387,1486.6021046275475,Scientific,*  20 Ari
1906,52478,5.79,1435.580833808333,2217.3554722431772,Scientific,*  39 UMa
1907,98819,5.8,1866.335065539446,971.1764161603438,Scientific,*  15 Sge
1908,18217,5.8,2866.3439025613916,1958.430788750876,Scientific,HD  24141
1909,111660,5.8,2202.1931383396386,1738.133743711844,Scientific,HD 214710
1910,72552,5.8,529.9678995032365,1511.5508838056016,Scientific,HD 130917
1911,109332,5.8,2604.705037432682,532.8324754556361,Scientific,*  35 Aqr
1912,92367,5.8,1468.576408325161,169.0865553898456,Scientific,HD 173791
1913,85998,5.8,1027.697748457536,966.1617802861078,Scientific,* f Oph
1914,76878,5.8,552.7344092976779,1262.74150553214,Scientific,* tau07 Ser
1915,79757,5.8,841.3481336256486,1334.6290865404767,Scientific,* ups CrB
1916,171,5.8,3026.5100820838884,1240.7576063968988,Scientific,*  85 Peg
1917,110009,5.8,2648.2732763316317,661.8033918960548,Scientific,HD 211392
1918,13055,5.8,2242.578754505916,1903.8984146345624,Scientific,HD  16458
1919,98512,5.8,1851.163803682622,173.502680958771,Scientific,HD 189198
1920,59920,5.8,1083.7479990867168,2061.165204487668,Scientific,HD 106884
1921,113031,5.8,2869.886220317526,648.8950209293362,Scientific,*  74 Aqr
1922,4267,5.8,3349.211076980811,1222.872516320685,Scientific,*  66 Psc
1923,418,5.8,2563.7862872545743,1642.28807455276,Scientific,V* V567 Cas
1924,13834,5.8,3785.2812794147926,1542.752474898697,Scientific,*  47 Ari
1925,12239,5.8,2660.138086569092,1858.4491554782776,Scientific,HD  16024
1926,5550,5.8,3141.5580820880664,1483.3940975765197,Scientific,*  45 And
1927,99663,5.81,1961.5525712567464,1527.447734077293,Scientific,HD 192781
1928,95222,5.81,1608.1071918350096,759.650441145783,Scientific,HD 181907
1929,118281,5.81,2941.0173479546456,1320.4267384500215,Scientific,BD+32  4747
1930,64927,5.81,494.88935672091407,1828.2950893926209,Scientific,HD 115723
1931,77738,5.81,1227.6461289628317,1667.0770926072362,Scientific,HD 142531
1932,115191,5.81,2693.5992351553023,1375.4669166725655,Scientific,*  10 And
1933,90342,5.81,1412.231246227851,1181.3900919254552,Scientific,HD 169981
1934,12148,5.81,3948.212002741212,1294.2038475551014,Scientific,HD  16247
1935,24732,5.81,2372.993857371158,2029.8175827550929,Scientific,HD  33541
1936,11090,5.81,3248.273284705253,1670.354593578038,Scientific,HD  14622
1937,89609,5.81,1205.0913973297,564.0778662630337,Scientific,HD 167720
1938,99026,5.81,1926.5897267123696,1432.6923956729795,Scientific,HD 191195
1939,116582,5.81,2730.763520299315,1422.9724841924883,Scientific,HD 222109
1940,86620,5.81,1716.505451625281,1722.0060028800951,Scientific,* psi01 Dra B
1941,5494,5.81,3332.93046497034,1334.5139746594402,Scientific,HD   6953
1942,114167,5.81,2811.548345937249,108.5367923806814,Scientific,HD 218269
1943,105413,5.81,2298.119332695819,851.9533715223946,Scientific,*   9 Equ
1944,7078,5.82,2505.199858030912,1806.0588562866776,Scientific,*  38 Cas
1945,75944,5.82,215.8361444713045,737.9703075831336,Scientific,* zet03 Lib
1946,91974,5.82,1377.1800588525073,448.6359124803215,Scientific,HD 173117
1947,74096,5.82,524.749829162203,1423.5801831997264,Scientific,HD 134335
1948,111600,5.82,2751.761112760215,366.69779971400254,Scientific,HD 214122
1949,85207,5.82,892.6743562060665,540.1876413959436,Scientific,HD 157527
1950,91532,5.82,1347.430984447331,680.3084335400893,Scientific,HD 172348
1951,100276,5.82,1954.46737181714,978.6042506695682,Scientific,HD 193579
1952,93580,5.82,1501.3592259787806,794.4701075433004,Scientific,HD 177178
1953,112590,5.82,2610.8159580096485,1287.6370282458056,Scientific,HD 215943
1954,16340,5.82,3145.8968024167943,1878.557224061101,Scientific,HD  21551
1955,17891,5.82,2721.5112579297993,1956.2112153766031,Scientific,HD  23523
1956,87812,5.82,1109.3419274762805,824.394107426034,Scientific,V* V2052 Oph
1957,60584,5.82,1171.5535012448058,2041.7599226668467,Scientific,*  71 UMa
1958,76569,5.82,260.1010887062997,650.0211897093885,Scientific,HD 139329
1959,113084,5.82,2610.447852510217,1329.7934265751803,Scientific,HD 216646
1960,78442,5.82,491.5630306422459,1026.781788300021,Scientific,*   3 Her
1961,92027,5.82,1405.7107217155074,852.3121153015409,Scientific,HD 173495
1962,65536,5.82,1546.757884465404,1939.2874814524152,Scientific,HD 117187
1963,95785,5.82,1696.3203602176725,1079.466157161154,Scientific,*   8 Vul
1964,92488,5.82,1411.0637070330026,648.5165174308631,Scientific,HD 174464
1965,5021,5.83,2668.162291485816,1710.543901655909,Scientific,HD   6210
1966,71573,5.83,1075.411701740302,1773.7571747295751,Scientific,HD 128998
1967,56035,5.83,1409.8383867449888,2118.846882076272,Scientific,HD  99747
1968,100069,5.83,1956.6875769529113,1272.3790888932267,Scientific,HD 193322
1969,105164,5.83,2293.6393248097465,698.448102730955,Scientific,*  15 Aqr
1970,88818,5.83,1301.939343000323,1149.2174884946355,Scientific,* 100 Her A
1971,81289,5.83,1167.2080028078028,1509.671327873543,Scientific,HD 150030
1972,104680,5.83,2246.490719599712,236.82512205742336,Scientific,HD 201647
1973,114382,5.83,2889.684760075544,220.1360876544948,Scientific,HD 218630
1974,97376,5.83,1820.4427462645235,1247.9007119602709,Scientific,HD 187235
1975,3299,5.83,2539.8512750695336,1725.7338815632963,Scientific,HD   3856
1976,108875,5.83,2527.0318005819354,921.6892020638594,Scientific,*  21 Peg
1977,13108,5.83,3806.3639079152567,1482.594480828814,Scientific,*  40 Ari
1978,80351,5.83,634.0819213305283,1024.0725283684312,Scientific,* o Her
1979,110787,5.83,2149.278288402585,1774.387232630894,Scientific,* rho01 Cep
1980,8544,5.83,3534.678190803359,1379.4751428206816,Scientific,*   1 Ari
1981,103359,5.83,2103.448497762233,1401.6198387708446,Scientific,HD 199611
1982,103810,5.83,2110.6451240368165,1478.3493123036048,Scientific,HD 200614
1983,58181,5.83,1218.2495233927411,2097.741186468641,Scientific,*  66 UMa
1984,62512,5.83,1240.9465213703063,1995.769997735364,Scientific,HD 111456
1985,85379,5.83,1347.6385579799248,1466.1012992972264,Scientific,* x Her
1986,91461,5.84,1426.167780099442,141.79249522089663,Scientific,HD 171819
1987,108226,5.84,2218.7428777578625,1601.832085646628,Scientific,HD 208682
1988,92822,5.84,1656.1900105703808,1402.261490415946,Scientific,HD 175824
1989,873,5.84,3330.2255848718105,702.1853243133852,Scientific,HD    645
1990,11840,5.84,3422.6748358519917,1628.66965032721,Scientific,HD  15755
1991,81741,5.84,678.3811228054476,390.2621706869175,Scientific,HD 150331
1992,99572,5.84,1900.5492072965224,589.7449806001908,Scientific,* ksi Cap
1993,9132,5.84,3465.181784818701,1466.418098702408,Scientific,HD  11928
1994,69829,5.84,172.52011244045173,1429.8615347737157,Scientific,V* CY Boo
1995,95732,5.84,1647.3440716779928,798.677216140238,Scientific,HD 183227
1996,840,5.84,3308.106607326879,809.8482864021432,Scientific,HD    587
1997,112417,5.84,2543.467304915336,1374.8078462818885,Scientific,HD 215664
1998,76594,5.84,1089.722169651085,1637.9809381786042,Scientific,HD 139906
1999,88670,5.84,1144.9365079045658,694.4246615015534,Scientific,HD 165402
2000,106062,5.84,2313.025033770603,1044.8824264258656,Scientific,V* NV Peg
2001,19454,5.84,2096.0237097545073,1919.7001477153185,Scientific,HD  22701
2002,111810,5.84,2684.5550191566854,1051.3218202885305,Scientific,*  40 Peg
2003,95582,5.84,1670.5389266648126,1017.847197082472,Scientific,HD 182955
2004,87472,5.84,1093.0747224519594,338.5233866607874,Scientific,HD 162391
2005,85889,5.84,1023.6366737179716,247.0018643849056,Scientific,HD 158799
2006,95188,5.84,1595.1038116140244,525.3440737476307,Scientific,* rho02 Sgr
2007,63143,5.84,1060.538051952073,1978.1705771937504,Scientific,HD 112486
2008,78168,5.84,374.4577368831111,627.3634849465608,Scientific,HD 142883
2009,113622,5.85,2877.982225105626,852.3571452645249,Scientific,HD 217459
2010,76509,5.85,1172.784812444425,1677.1543857823724,Scientific,HD 139778
2011,114641,5.85,2912.2901264579755,971.8662560866758,Scientific,HD 219139
2012,66798,5.85,1336.308137466196,1915.664982052256,Scientific,HD 119476
2013,12686,5.85,2979.9617395644327,1805.8583542738531,Scientific,HD  16735
2014,77370,5.85,1209.6260449766526,1669.716797884494,Scientific,HD 141675
2015,95352,5.85,1738.1797302406817,1319.2466813960543,Scientific,HD 182694
2016,94336,5.85,1724.27754364567,1406.1982324937865,Scientific,BD+49  2959
2017,111643,5.85,2720.6639273420014,244.7709032823054,Scientific,* sig02 Gru
2018,91438,5.85,1337.4219649274046,503.9212991946927,Scientific,HD 172051
2019,117722,5.85,3224.489259702031,659.2076075543869,Scientific,HD 223774
2020,13339,5.86,3157.625916841979,1780.488258515527,Scientific,HD  17656
2021,8387,5.86,3609.808288170856,1304.0036931768311,Scientific,*   4 Ari
2022,31039,5.86,2530.5152104384183,2225.416584534469,Scientific,*   6 Lyn
2023,116380,5.86,2338.576113184589,1725.06010185413,Scientific,HD 221861
2024,97081,5.86,1813.6928136575332,1291.8994831240489,Scientific,HD 186619
2025,117503,5.86,2870.6115285176675,1340.7545249670038,Scientific,V* OU And
2026,102772,5.86,2122.9353527407643,421.20430231520584,Scientific,HD 198174
2027,72567,5.86,441.65644414854165,1453.7539676853487,Scientific,HD 130948
2028,88101,5.86,1113.147363173733,747.0557797283586,Scientific,HD 164064
2029,1372,5.86,2810.0154375214047,1512.4152236677023,Scientific,HD   1279
2030,112997,5.86,2772.3729451659847,1028.5128243549827,Scientific,V* IM Peg
2031,100738,5.86,1980.6222060273203,383.7070850364725,Scientific,HD 194215
2032,79098,5.86,444.5335139712748,570.1625066681609,Scientific,HD 144844
2033,100062,5.86,1934.973997817198,471.6478911303651,Scientific,*   4 Cap
2034,82172,5.86,1136.641473904123,1444.089678057698,Scientific,V* V636 Her
2035,21972,5.86,3036.8224413772814,2058.6525051882045,Scientific,HD  29721
2036,82621,5.86,704.7607586404317,580.2746990137376,Scientific,HD 152311
2037,77052,5.86,387.6713781017674,1028.8454256680798,Scientific,* psi Ser
2038,89099,5.86,1234.979527995958,235.5056677112304,Scientific,HD 166114
2039,94157,5.86,1564.0364267375294,218.8489395023161,Scientific,HD 178322
2040,48893,5.86,1823.9984585867076,2101.939405237462,Scientific,HD  85841
2041,3750,5.86,2410.496171985816,1785.677525263583,Scientific,HD   4440
2042,31665,5.87,2530.2008287454446,2246.3002501175365,Scientific,*  11 Lyn
2043,109730,5.87,2512.097882856895,1149.7661963528913,Scientific,HD 211006
2044,6226,5.87,3669.697759762024,986.561785081675,Scientific,*  42 Cet
2045,77909,5.87,365.7226717481448,557.7616893396295,Scientific,*   3 Sco
2046,86219,5.87,1713.9503828326283,1727.879527187106,Scientific,HD 161178
2047,102891,5.87,2131.6547928462214,590.917780694947,Scientific,HD 198431
2048,90637,5.87,1394.6433097040594,1102.0788715440228,Scientific,HD 170650
2049,100574,5.87,1979.2589796914503,1230.369082099533,Scientific,HD 194335
2050,62641,5.87,592.2085622618016,1940.284286181076,Scientific,V* DT CVn
2051,99889,5.87,1952.277233056694,1334.5829387372785,Scientific,HD 192985
2052,207,5.87,2476.9305297941614,1688.7787793113714,Scientific,HD 225009
2053,86847,5.87,1098.691987108105,221.65163407919073,Scientific,HD 160928
2054,5926,5.87,2457.6527901995696,1801.9744597004203,Scientific,HD   7389
2055,105412,5.87,2310.864030673817,698.6413957678319,Scientific,*  16 Aqr
2056,98416,5.87,1824.5941067064543,625.2305060756527,Scientific,HD 189340
2057,114366,5.88,2956.7690370069326,429.9548079590019,Scientific,HD 218619
2058,11670,5.88,3614.378924610138,1519.1005908861227,Scientific,HD  15524
2059,50685,5.88,1715.526292409318,2133.9133523135915,Scientific,V* EN UMa
2060,4346,5.88,3576.5446184903817,839.5670364040903,Scientific,HD   5384
2061,1493,5.88,3044.7811733221756,1320.6608575338778,Scientific,HD   1439
2062,19129,5.88,2563.870303151306,1975.698830156997,Scientific,HD  25274
2063,104171,5.88,2080.51267107197,1667.0009141328055,Scientific,HD 201636
2064,65550,5.88,822.8143994130195,1882.1422902182985,Scientific,HD 116957
2065,3093,5.88,3256.6994865850543,1223.235000703855,Scientific,*  54 Psc
2066,94630,5.88,1648.7584346595936,1159.0232264070285,Scientific,HD 180450
2067,2475,5.88,3067.76041830594,1365.9493244744012,Scientific,HD   2767
2068,74901,5.88,228.73058627166895,1032.9824723858962,Scientific,HD 136028
2069,83176,5.88,751.8091820731805,503.78844761010754,Scientific,HD 153336
2070,111394,5.88,2737.5634795748388,770.8239020341612,Scientific,*  60 Aqr
2071,98609,5.88,1862.7024361567644,1070.5898198728653,Scientific,HD 189944
2072,111934,5.88,2776.661187623156,381.7501126231881,Scientific,HD 214690
2073,111259,5.88,2527.5495640978243,1304.6845651866747,Scientific,HD 213660
2074,62402,5.88,1309.9230017304187,1996.185767061473,Scientific,HD 111270
2075,67194,5.88,698.4461021760308,1799.9913661186167,Scientific,HD 120047
2076,90915,5.88,1409.1268225688543,1096.4564524025986,Scientific,HD 171245
2077,94013,5.88,1726.2180329398282,1440.1982154026532,Scientific,HD 179094
2078,87460,5.88,1094.2041639289314,333.1194376323413,Scientific,V* V957 Sco
2079,107232,5.88,2448.2628330919943,577.656604471983,Scientific,*  44 Cap
2080,97783,5.88,1778.5913614209207,509.5303400137764,Scientific,*  57 Sgr
2081,31946,5.88,2266.7103012940142,2101.986187254126,Scientific,HD  46509
2082,109972,5.88,2336.5467883576284,1511.1528417947904,Scientific,HD 211554
2083,93104,5.89,1605.5860679541158,1266.7832073546329,Scientific,HD 176318
2084,13121,5.89,3664.54449473408,1569.9643332557,Scientific,V* VZ Ari
2085,112833,5.89,2082.3052734572257,1853.3624474522935,Scientific,HD 217157
2086,9307,5.89,3589.648382263433,1386.3103206509318,Scientific,HD  12139
2087,9353,5.89,3843.4717663723095,1127.2238122567044,Scientific,* 112 Psc
2088,11548,5.89,3513.0629587194667,1568.9486087234382,Scientific,*  13 Tri
2089,92117,5.89,1396.473311776034,766.948594841909,Scientific,*   5 Aql A
2090,105269,5.89,2224.322288524423,1247.1006246930624,Scientific,V* V1334 Cyg
2091,13949,5.89,3312.5706593445525,1756.3399973223873,Scientific,HD  18482
2092,96620,5.89,1839.4881257060213,1461.4060041385778,Scientific,V* V1143 Cyg
2093,103460,5.89,2174.206180936556,546.9388183006361,Scientific,HD 199443
2094,116918,5.89,3088.2750776492403,951.6352317818444,Scientific,HD 222602
2095,67605,5.89,539.0633457592331,1734.3298204825192,Scientific,HD 120819
2096,92312,5.89,1471.566383552114,1029.977414996617,Scientific,HD 174262
2097,14502,5.89,2711.30315657031,1894.0217708863752,Scientific,HD  19065
2098,41676,5.89,2018.4406269021688,2193.105774830251,Scientific,HD  71088
2099,116853,5.89,3153.89586114949,685.8358935027343,Scientific,HD 222493
2100,114745,5.89,2269.0928776507803,1741.1962021068427,Scientific,HD 219485
2101,9001,5.89,3277.493852866425,1569.09482611496,Scientific,HD  11727
2102,101084,5.89,2006.7582224727369,1468.1830589890983,Scientific,HD 195554
2103,79357,5.89,1025.2403012958846,1499.4464356770643,Scientific,HD 145931
2104,97229,5.89,1753.1906971124229,853.7666162181044,Scientific,* ups Aql
2105,88469,5.89,1131.249346863888,474.95135348132544,Scientific,*   9 Sgr
2106,77442,5.89,718.5838025042711,1374.6850719677736,Scientific,V* R CrB
2107,1630,5.89,3059.171920416078,1316.1354096625582,Scientific,HD   1606
2108,96234,5.89,1694.091835543674,240.5996098297892,Scientific,V* V4089 Sgr
2109,96016,5.89,1713.5132056237346,1102.2422951286983,Scientific,HD 184010
2110,84500,5.89,884.6359236142703,871.6098629508965,Scientific,V* U Oph
2111,2903,5.89,3309.6001376721683,1138.3921727151123,Scientific,*  53 Psc
2112,75696,5.9,1293.0866673322512,1742.459362435303,Scientific,HD 138265
2113,3193,5.9,3477.7895678652826,863.4793711679159,Scientific,HD   3807
2114,114407,5.9,2905.5877947663894,252.53407304275984,Scientific,V* DL Gru
2115,74386,5.9,436.9705285590099,1335.688150002726,Scientific,HD 134943
2116,3834,5.9,3556.379569469636,560.9869698169076,Scientific,HD   4732
2117,98526,5.9,1841.31545093252,862.6046417803054,Scientific,HD 189695
2118,330,5.9,2545.539913814168,1651.4965290914324,Scientific,*   9 Cas
2119,78877,5.9,428.8391094514555,574.1111470075805,Scientific,HD 144334
2120,101067,5.9,2004.0966300028629,1217.1402743622405,Scientific,*  42 Cyg
2121,71571,5.9,299.3629375104041,1412.521649464083,Scientific,HD 128750
2122,97122,5.9,1913.1538825936375,1642.1794540515757,Scientific,HD 187340
2123,73087,5.9,303.98238193096694,1311.8342380590752,Scientific,HD 131951
2124,7359,5.9,3532.802425799212,1294.151104785718,Scientific,HD   9640
2125,7321,5.9,3219.5069714784886,1522.856202030424,Scientific,V* KK And
2126,90485,5.9,1285.0394057490953,389.75350405041263,Scientific,HD 169830
2127,87491,5.91,1090.1986453037564,836.2774922572545,Scientific,HD 162774
2128,14109,5.91,3666.930663634772,1623.6760303650474,Scientific,*  49 Ari
2129,99531,5.91,1916.367023729724,1090.550166832061,Scientific,*  20 Vul
2130,112778,5.91,2581.9981028529905,1346.1415000229922,Scientific,*  14 Lac
2131,82350,5.91,816.4836973557731,1073.15190685496,Scientific,HD 151862
2132,66903,5.91,1695.3497616574232,1922.3493058791555,Scientific,HD 120084
2133,116323,5.91,3085.0584142289813,826.0308814959208,Scientific,*  14 Psc
2134,64246,5.91,614.226775139898,1884.7869156490544,Scientific,*  17 CVn
2135,102358,5.91,2054.4299325917746,1474.007950032731,Scientific,V* V414 Cep
2136,104105,5.91,2056.7740452343796,1751.962390669211,Scientific,*  77 Dra
2137,53257,5.91,1663.372746194328,2098.2794545387205,Scientific,HD  94132
2138,8404,5.91,3779.609800545291,1109.961164465463,Scientific,HD  11037
2139,95038,5.91,1794.0262730181958,1501.0431098517508,Scientific,HD 182190
2140,71115,5.91,353.95952295093065,1480.0678292985722,Scientific,*  26 Boo
2141,92931,5.91,1442.1538868971882,469.27756321668807,Scientific,HD 175360
2142,94556,5.91,1601.529635438527,174.98780085735012,Scientific,HD 179433
2143,102487,5.91,2104.613547809507,475.67797760592384,Scientific,*  17 Cap
2144,20380,5.91,2882.991657849064,2011.2953709474305,Scientific,HD  27322
2145,21452,5.91,2653.047980593853,2025.1531317813856,Scientific,HD  28780
2146,84709,5.91,903.5297257527398,343.40736714774323,Scientific,HD 156384
2147,83491,5.91,838.0786550434891,301.55771311335656,Scientific,V* V923 Sco
2148,97598,5.91,1799.0390687825245,142.35938944489155,Scientific,HD 187086
2149,85048,5.91,939.4433479720772,308.56224614925634,Scientific,HD 157097
2150,92133,5.91,1657.606519776218,1458.285485447098,Scientific,HD 174237
2151,93179,5.91,1504.8370645481527,953.9496475527648,Scientific,*  10 Aql
2152,67782,5.91,394.9385337738986,1669.7660238758558,Scientific,HD 121164
2153,15514,5.91,3686.8311982509986,1686.4443779923308,Scientific,*  59 Ari
2154,100017,5.91,1980.356547883156,1606.6111658229845,Scientific,HD 193664
2155,16518,5.91,3487.5924895584903,1803.793413672339,Scientific,HD  21856
2156,83478,5.91,891.06487739333,1058.1044537890398,Scientific,*  33 Oph
2157,113174,5.91,2642.273994366119,1289.4127508762003,Scientific,HD 216756
2158,73350,5.91,184.5345131984172,1155.8287909587723,Scientific,HD 132525
2159,97774,5.91,1864.0081205491376,1368.3699370101906,Scientific,HD 188252
2160,12181,5.91,3335.0737900921913,1679.5293553738352,Scientific,HD  16176
2161,114430,5.91,2643.34734480543,1383.9665317122904,Scientific,*   6 And
2162,101870,5.91,2050.663459300568,1053.8175991353585,Scientific,BD+23  4085
2163,79596,5.91,519.439464474719,408.9873395843017,Scientific,HD 145838
2164,95456,5.91,1622.7413876100795,381.3216899682347,Scientific,HD 182286
2165,73507,5.91,1250.7524638283528,1776.9094724085471,Scientific,HD 133388
2166,62561,5.92,1850.7226701896648,1935.6378805940792,Scientific,HD 112014
2167,98383,5.92,1886.806889760224,1339.3231127174113,Scientific,HD 189684
2168,103360,5.92,2106.152688978697,1382.0330909254058,Scientific,HD 199612
2169,6564,5.92,3735.955213189679,892.6214918506573,Scientific,HD   8556
2170,66878,5.92,1821.0896442134472,1917.6450549520428,Scientific,HD 120565
2171,110532,5.92,2685.7914872126516,689.8107460743373,Scientific,HD 212320
2172,114921,5.92,2914.125711570697,198.18367623858452,Scientific,HD 219507
2173,80991,5.92,1402.4857914623642,1663.401690855558,Scientific,HD 149650
2174,112067,5.92,2725.5955825306182,988.7101302133495,Scientific,HD 214995
2175,4962,5.92,2677.6046691105857,1705.2880322287565,Scientific,HD   6130
2176,8588,5.92,3703.903421555327,1226.62284098379,Scientific,*  54 Cet
2177,104968,5.92,2074.7317304202365,1738.876729544276,Scientific,HD 203399
2178,14844,5.92,2240.3304899414597,1915.331070901535,Scientific,HD  18778
2179,67210,5.92,631.3651136861452,1780.263284240776,Scientific,HD 120048
2180,3760,5.92,3440.866825508725,1047.025675807118,Scientific,*  62 Psc
2181,81729,5.92,915.6101441766366,1265.516318486037,Scientific,*  39 Her
2182,117761,5.93,3200.150152676047,819.5685583455128,Scientific,*  24 Psc
2183,117541,5.93,3204.6377850293466,719.1144462035621,Scientific,HD 223524
2184,636,5.93,3313.6644389330936,549.5485578591588,Scientific,HD    319
2185,105811,5.93,2257.263948163699,1229.0873172891356,Scientific,*  69 Cyg
2186,92398,5.93,1539.5541574190652,1202.436387052909,Scientific,* nu.01 Lyr
2187,45461,5.93,1914.4957784644423,2115.5847413298834,Scientific,HD  78935
2188,78542,5.93,1189.8608968342312,1625.1910285266456,Scientific,HD 144204
2189,76424,5.93,498.21051108885945,1242.0767112482838,Scientific,* tau05 Ser
2190,37949,5.93,2164.026879347516,2208.219900839285,Scientific,*  51 Cam
2191,5594,5.93,3638.350932276586,944.971189940634,Scientific,*  34 Cet
2192,90844,5.93,1311.4046427456888,775.120571576627,Scientific,*  61 Ser
2193,87074,5.93,1027.7951390240282,619.4497177657033,Scientific,HD 161701
2194,109577,5.93,2558.0230675254907,986.9599020572292,Scientific,HD 210702
2195,103956,5.93,2124.0365440880582,1435.44945823305,Scientific,HD 200817
2196,93763,5.93,1497.2313701621642,564.9905602953822,Scientific,HD 177517
2197,94311,5.93,1634.4830906477148,1170.4689126391231,Scientific,*  19 Lyr
2198,112041,5.93,2550.953379878467,1333.9045695103111,Scientific,HD 215030
2199,79953,5.93,1159.9263057055605,1560.4739654871978,Scientific,HD 147352
2200,103836,5.93,2193.3028369144713,258.50756088043386,Scientific,HD 200073
2201,83896,5.93,821.8888224140592,417.4346088940884,Scientific,HD 154783
2202,15004,5.93,3138.8004947457334,1838.6285794312544,Scientific,HD  19845
2203,79137,5.93,551.2811629686464,1040.8104737759982,Scientific,HD 145148
2204,27249,5.93,2721.1186240331895,2172.466980410602,Scientific,*  26 Cam
2205,2611,5.93,2737.016730252161,1607.919614036329,Scientific,HD   2952
2206,93624,5.93,1571.7437401956406,98.89524307491328,Scientific,HD 176664
2207,81523,5.93,691.3930873160413,326.4008226273327,Scientific,HD 149886
2208,91347,5.93,1331.7793968698318,499.6903691238709,Scientific,HD 171856
2209,79120,5.93,526.7022927801904,998.3657890442504,Scientific,HD 145085
2210,87813,5.93,1079.6343110768587,598.2393264526074,Scientific,HD 163336
2211,112241,5.93,2577.6074036942146,1309.8746574595502,Scientific,HD 215359
2212,96977,5.93,1783.9621377126932,1172.7785031021074,Scientific,HD 186377
2213,71759,5.93,227.8125039022081,1339.2646507935929,Scientific,HD 129153
2214,13367,5.94,2580.1310713616094,1886.9375473685627,Scientific,V* SU Cas
2215,1096,5.94,3341.2250458586623,500.2248763219743,Scientific,HD    942
2216,31676,5.94,2444.9053750217827,2202.8869083503214,Scientific,*   8 Lyn
2217,113686,5.94,2905.9987397606146,748.7620442117691,Scientific,HD 217563
2218,15669,5.94,3118.009459666106,1862.976171706948,Scientific,HD  20675
2219,86266,5.94,967.534305613422,614.9849294888046,Scientific,HD 159877
2220,10234,5.94,3951.253325389297,1073.0937487741198,Scientific,*  63 Cet
2221,88694,5.94,1181.2383314048,311.221421990365,Scientific,HD 165185
2222,87390,5.94,1122.9180040540243,248.16189724536443,Scientific,HD 162189
2223,104101,5.94,2210.190648883819,830.2308286360092,Scientific,*   4 Equ
2224,101123,5.94,2006.348778369598,512.70029074216,Scientific,* omi Cap A
2225,2377,5.94,2638.926229818807,1655.5389621695958,Scientific,HD   2626
2226,107374,5.94,2210.925417883302,1562.4922220305154,Scientific,HD 207198
2227,111925,5.94,2438.8264924294954,1484.4931473656784,Scientific,HD 214878
2228,21247,5.94,2439.6067449618145,1994.4996980103665,Scientific,HD  28204
2229,85382,5.94,1191.7575507076513,1301.6128238696142,Scientific,HD 158261
2230,2787,5.94,3428.4455867057573,913.2604299733104,Scientific,*  14 Cet
2231,8423,5.94,3245.184646427017,1560.5156101911705,Scientific,HD  10975
2232,77272,5.94,1209.695101785009,1672.1567399718342,Scientific,HD 141472
2233,70384,5.94,77.20889384905588,1306.3470447222887,Scientific,HD 126200
2234,98461,5.95,1838.5705117754176,268.76883961938233,Scientific,HD 189195
2235,17846,5.95,3259.735995512109,1905.1270460690275,Scientific,V* V376 Per
2236,82650,5.95,824.7089794252532,228.71830602860044,Scientific,V* V1068 Sco
2237,111045,5.95,2721.54991865396,426.1296282883657,Scientific,HD 213135
2238,62207,5.95,646.7756629570829,1965.0354928234813,Scientific,*  10 CVn
2239,83235,5.95,804.2697322084492,337.05065477552023,Scientific,HD 153368
2240,103545,5.95,2180.243274503551,566.922535538186,Scientific,V* DV Aqr
2241,116714,5.95,2283.1835161660583,1764.570991952598,Scientific,HD 222386
2242,100501,5.95,1976.5972407034044,1275.8460509422812,Scientific,HD 194193
2243,12821,5.95,2607.313637278582,1875.2062782573184,Scientific,HD  16769
2244,7447,5.95,3551.9314170382004,1282.651728386889,Scientific,HD   9780
2245,116368,5.95,3119.9243646762316,629.2498159993196,Scientific,HD 221745
2246,4903,5.95,3053.9222287738294,1508.9936703239673,Scientific,*  39 And
2247,93862,5.95,1573.3651118076234,134.66071404577926,Scientific,HD 177406
2248,52577,5.95,1635.1477638863523,2127.552558104023,Scientific,V* VY UMa
2249,16664,5.95,3774.0734769718847,1706.5104124448171,Scientific,*   7 Tau
2250,117265,5.95,2436.9328461044565,1682.7072299562556,Scientific,HD 223128
2251,84425,5.95,907.3367603397262,290.60824078191354,Scientific,HD 155826
2252,84226,5.95,855.5824448796209,384.479834918498,Scientific,HD 155450
2253,20241,5.95,3303.9870943524243,1982.9080617727664,Scientific,HD  27278
2254,77939,5.95,357.491534638366,657.5638693988874,Scientific,*  47 Lib
2255,87875,5.95,1111.7742438931552,815.5588179968777,Scientific,HD 163624
2256,117500,5.95,2953.1809554467027,1246.1334377495032,Scientific,*  79 Peg
2257,22361,5.96,2340.4444296762226,1991.353416995128,Scientific,HD  29678
2258,103371,5.96,2113.903684643646,1327.4607575770528,Scientific,HD 199579
2259,101082,5.96,2010.9908765644873,1788.4752710519049,Scientific,*  74 Dra
2260,107350,5.96,2414.37610451804,956.0063224065576,Scientific,V* HN Peg
2261,93537,5.96,1482.030913567438,518.7830452011444,Scientific,HD 176884
2262,89448,5.96,1727.6437850419306,1666.008173343654,Scientific,*  37 Dra
2263,110179,5.96,2664.4138290916335,606.3532533747034,Scientific,*  45 Aqr
2264,108505,5.96,2245.94955490488,1570.6218993407515,Scientific,HD 209112
2265,10296,5.96,3580.0902491573634,1458.6710458848315,Scientific,HD  13522
2266,47401,5.96,1806.5744814075265,2175.9052741912474,Scientific,HD  83126
2267,115144,5.96,3028.1671275410467,577.2458339049127,Scientific,HD 219879
2268,100256,5.96,1950.988870343949,924.2861774007048,Scientific,HD 193472
2269,106642,5.96,2268.6778234065255,1343.6799103688163,Scientific,V* W Cyg
2270,9631,5.96,3897.350606375656,1079.9252412167116,Scientific,*  61 Cet
2271,8598,5.96,2954.0408141734165,1697.9562897120743,Scientific,HD  11151
2272,107302,5.96,2454.027369422097,573.4022924841612,Scientific,*  45 Cap
2273,15334,5.97,3375.521662009505,1790.5798918898136,Scientific,HD  20346
2274,105727,5.97,2068.3419325262385,1784.1235824711334,Scientific,HD 205072
2275,109602,5.97,2522.3548040403784,1101.9431396702355,Scientific,HD 210762
2276,86575,5.97,1048.647028396188,914.6842879671424,Scientific,HD 160781
2277,108975,5.97,2572.172377682476,421.4306139174736,Scientific,HD 209522
2278,67239,5.97,312.93261020226316,1658.1285024627098,Scientific,*   3 Boo
2279,111515,5.97,2761.0137433419063,470.7006630641464,Scientific,HD 213986
2280,67485,5.97,1245.015406098934,1895.0949411198485,Scientific,HD 120787
2281,5778,5.97,3474.144682524763,1219.0113665558065,Scientific,*  87 Psc
2282,7906,5.97,3372.8108798676426,1456.4087509934604,Scientific,HD  10348
2283,96760,5.97,1707.365915006569,454.9146342031356,Scientific,HD 185467
2284,48802,5.97,1619.1360085433876,2273.7895359842664,Scientific,HD  85945
2285,104752,5.97,2257.788208285252,286.4973788816789,Scientific,HD 201852
2286,84656,5.97,1203.780454813532,1362.4613165210726,Scientific,HD 156891
2287,114189,5.97,2819.9897246384603,1098.128484948353,Scientific,HD 218396
2288,113801,5.97,2926.8491875844365,527.3586946961465,Scientific,HD 217703
2289,5510,5.97,3597.4841456934887,1014.8557272745584,Scientific,*  33 Cet
2290,106340,5.97,2370.7721694967895,320.892886016178,Scientific,*   6 PsA
2291,6492,5.97,3457.0600003293875,1296.4765846131463,Scientific,HD   8388
2292,101986,5.97,2048.6706955359937,1307.024007559129,Scientific,HD 197139
2293,4572,5.97,2558.654467398827,1744.2140918116852,Scientific,HD   5550
2294,79938,5.97,500.9930918359451,702.1958156906137,Scientific,HD 146850
2295,99171,5.97,1876.66770199803,743.1883452869126,Scientific,*  64 Aql
2296,76311,5.97,1156.2038404398616,1675.472260374813,Scientific,HD 139357
2297,105224,5.97,2280.027551171251,900.7633661536192,Scientific,HD 202951
2298,89047,5.97,1554.671289026962,1498.0517174996287,Scientific,HD 167042
2299,9533,5.97,3720.6525591114128,1289.9475978239575,Scientific,HD  12479
2300,6711,5.98,3079.6659302195344,1573.5577998466094,Scientific,HD   8671
2301,85442,5.98,929.851359065783,417.24616626660634,Scientific,HD 157955
2302,96840,5.98,1736.4759637995253,934.7235951849058,Scientific,V* QS Aql
2303,15241,5.98,3555.477609858761,1727.068919789326,Scientific,V* V573 Per
2304,89156,5.98,1372.72936274551,1239.362070739659,Scientific,HD 166988
2305,74561,5.98,662.4796363755987,1491.1912002071026,Scientific,HD 135438
2306,83854,5.98,791.7919210254862,609.434243534126,Scientific,HD 154779
2307,116728,5.98,2305.4220543093634,1751.7371892473836,Scientific,HD 222387
2308,77412,5.98,522.4908783254795,1185.608319692338,Scientific,HD 141353
2309,103652,5.98,2178.025661856453,849.2225617827155,Scientific,HD 199942
2310,16599,5.98,2957.317369448688,1912.799235815762,Scientific,HD  21819
2311,3697,5.98,3440.940782596724,1037.4929151055098,Scientific,*  60 Psc
2312,88550,5.98,1171.779516946343,313.35543880983164,Scientific,HD 164870
2313,115065,5.98,2691.21791959443,1370.214350226949,Scientific,*   9 And
2314,107129,5.98,2333.9938921731514,1220.6333338631405,Scientific,V* V460 Cyg
2315,518,5.98,2614.2203716663707,1613.3739567483951,Scientific,HD    123
2316,7740,5.98,3582.2769758616614,1276.9735316391814,Scientific,* 105 Psc
2317,85543,5.98,970.975246830693,312.9115714043193,Scientific,HD 158105
2318,96481,5.98,1708.841195583647,903.3453413040752,Scientific,HD 185018
2319,84402,5.98,835.0502419101333,647.5606158946575,Scientific,HD 155970
2320,109466,5.98,2604.482494557512,721.4502642572322,Scientific,HD 210434
2321,83693,5.98,845.5120211843342,314.77959102971494,Scientific,HD 154310
2322,66907,5.98,537.3069512723318,1761.6800907672457,Scientific,HD 119458
2323,81854,5.99,1743.8810273877602,1806.2999706736368,Scientific,HD 152303
2324,4998,5.99,2851.348412851437,1626.7489325986098,Scientific,HD   6211
2325,116768,5.99,3062.82223265993,982.2122752537812,Scientific,HD 222377
2326,89587,5.99,1218.6970066835736,758.586889732795,Scientific,HD 167768
2327,112117,5.99,2713.0262819842083,154.77338584764115,Scientific,HD 214953
2328,101909,5.99,2055.8578136659753,953.467221113033,Scientific,HD 196775
2329,92833,5.99,1568.8987447622617,1214.0005658680827,Scientific,HD 175635
2330,98738,5.99,1863.317994449471,989.6424492071252,Scientific,HD 190211
2331,90052,5.99,1300.542141388304,953.7308928420476,Scientific,HD 169111
2332,10729,5.99,2857.68122209851,1786.0779676071968,Scientific,* chi Per
2333,81992,5.99,674.3181457216382,461.6217255449046,Scientific,HD 150894
2334,82611,5.99,1230.930389355798,1495.722906840911,Scientific,HD 152812
2335,92391,5.99,1407.4040655166982,700.0652499607022,Scientific,HD 174208
2336,103219,5.99,2048.0851360896895,1723.1321521923169,Scientific,HD 200039
2337,671,5.99,3307.8357771723145,755.1374222928621,Scientific,HD    360
2338,112862,5.99,2844.27435969949,401.43297654714246,Scientific,*  21 PsA
2339,88012,5.99,1109.8402240453186,415.948125071523,Scientific,HD 163685
2340,115806,5.99,2887.4382864409067,1172.0802818818506,Scientific,*  69 Peg
2341,102945,5.99,2134.540326506669,679.629188255202,Scientific,*   4 Aqr
2342,2159,5.99,3422.690384121257,518.4428481349388,Scientific,HD   2363
2343,4552,5.99,3160.363314583066,1415.96631391456,Scientific,HD   5608
2344,84431,5.99,1035.835630443685,1176.2643921244469,Scientific,HD 156284
2345,75256,5.99,1318.165241673829,1759.8716771644906,Scientific,HD 137389
2346,105574,5.99,2324.9996076958487,637.7690266844886,Scientific,*  17 Aqr
2347,96895,5.99,1833.879308850512,1403.9892617531605,Scientific,*  16 Cyg A
2348,9564,6.0,2661.5264718763337,1808.9164803199635,Scientific,*  52 Cas
2349,59384,6.0,1825.3383903638048,1959.240770652979,Scientific,HD 105943
2350,78665,6.0,450.4015936674346,433.48346857991714,Scientific,HD 143790
2351,108612,6.0,2521.742216736895,859.4299830659797,Scientific,*  18 Peg
2352,96198,6.0,1799.7522018008474,1390.3654502563982,Scientific,V* V1743 Cyg
2353,105080,6.0,2161.295520283827,1470.259059749561,Scientific,HD 202987
2354,84631,6.0,993.1059886622038,1088.9806351590646,Scientific,HD 156653
2355,83601,6.0,818.8138331779603,877.6572960592372,Scientific,V* V2213 Oph
2356,97499,6.0,1759.6205301119412,615.269341573653,Scientific,HD 187195
2357,72848,6.0,368.6700825576913,1383.974614722394,Scientific,V* DE Boo
2358,86561,6.0,1437.7102889800333,1493.2931465519064,Scientific,HD 161193
2359,87616,6.0,1103.7204126217612,333.1806691329422,Scientific,V* V906 Sco
2360,91525,6.0,1628.9062345620234,1452.4956970944004,Scientific,HD 172883
2361,11843,6.0,3814.1717390065646,1392.38226154871,Scientific,*  29 Ari
2362,63340,6.0,1641.9586172712206,1958.931262381928,Scientific,HD 113049
2363,71094,6.0,441.1085043478763,1534.7229906275102,Scientific,HD 127726
2364,76810,6.0,516.87619744979,1231.3672615641733,Scientific,* tau06 Ser
2365,107487,6.0,2465.1106185742083,645.403768789093,Scientific,*  47 Cap
2366,93855,6.0,1504.3675358491753,557.1130180280139,Scientific,HD 177817
2367,40889,6.0,2038.102081408809,2127.3915343885064,Scientific,HD  68951
2368,11687,6.0,4023.373834136279,1155.8901655245506,Scientific,HD  15633
2369,23766,6.0,2688.292485669824,2080.876726097587,Scientific,HD  32356
2370,110873,6.0,2560.317496000648,1200.80176447219,Scientific,HD 212988
2371,97402,6.0,1793.031383207561,1081.1877006589505,Scientific,HD 187193
